,Unnamed: 0
0,ch0d0n
1,80124491ch0d0n
2,1d11ch00dchud12
3,8h41chud12
4,8h41chud12.1
5,p014d4n-d4dh0nd0f14
6,"h3774f471yf31f094""f00n,"
7,"f00ndh""fun91fu7k1fuun-94902u2"
8,84chch49ud9ud
9,m424n12
10,83749ud/9uud9uund44h424m
11,j4d4h424m
12,j4d1h4uw4h3774
13,muk4
14,47h
15,8021
16,"d1m0""h3774,"
17,"80dh4,"
18,"5h4uw44""""k41u,"
19,"c410u,"
20,"k410u,814ck13,"
21,"k317u,"
22,"k310,"
23,k010
24,"70u23,"
25,dj1m1
26,"724023,"
27,k410
28,"hu10,"
29,"n1994""kh4nk1kh4nk1"
30,chud1
31,m4912
32,9ud3
33,p0k4kh4nk1/m4991kh4nk12
34,ch313kh4nk12
35,p014kh0815
36,02
37,90202
38,kh0815ku7h-742
39,84chch4ku7h42
40,84ch4ku7h7h42
41,841cch4
42,(841ch-ch4)ku7742
43,8h4cch4ku7742
44,ch0dku7742
45,9u1402413221322
46,k4w242
47,fu4m4491m441m49912
48,pu77m094
49,ch0d32
50,84ch4m07h32
51,ch0dmu74
52,ku74n4nk74
53,ku7742
54,84cch4nunununup4901
55,54901p49u1p454p0dm424n1549u15h4uw45hu0232
56,84cch45hu2u2
57,847ch45ud4-5ud15ud4u2132
58,fu2115ud4u2y5u0u232
59,84chch45u7hh-m420uny7h02
60,h3774
61,14y7hum7h02
62,m44
63,5ud47h02
64,m442
65,807h0y
66,kh47h023
67,457h4
68,940
69,3h
70,5ud3h7hum42
71,fu7k1
72,"m427hum""7hum1"
73,4m42
74,nunu
75,"kh04,"
76,0n3k
77,"m15h71""7huu11"
78,84ndh0227huu11
79,944dh4470-m42
80,m4
81,h3774702
82,844f
83,f31
84,kh41702
85,84f02
86,8094
87,5447702
88,m4.1
89,4m42.1
90,f311702
91,m4.2
92,8094.1
93,ch4702
94,m44702
95,m44.1
96,800n1
97,n4y702
98,m44.2
99,k3
100,chud1702
101,m4y323
102,chud1702.1
103,n4n123
104,chud1702.2
105,nunu.1
106,80uu7
107,8020702
108,p45h4
109,m0747u
110,3k74
111,84nd427u2
112,80094
113,500707u2
114,m42
115,800n1.1
116,kh447uy
117,47h.1
118,m42205v09ch0d841n
119,ch0d841nch0d84554
120,5h0uk0ch0dn42
121,p09ud-m424n1h4900h1j24h094kh4nk12
122,p014ku7h442
123,841ch4ku7742
124,84chch4ku7742
125,84chch413u24m491m41m4kh41mu21
126,kh4n04kh4111424nd1
127,m4917h02
128,m44.3
129,kh41
130,141
131,m007h02
132,m442.1
133,80501
134,kh41.1
135,53370m42
136,m442.2
137,pu7k3y
138,f474mu
139,.702
140,84842
141,81ch1
142,f47480702
143,m42.1
144,54w4
145,kh4702
146,m423
147,chud17u2
148,m4.3
149,4m42.2
150,f31.1
151,8344n9u11
152,k0244chud44d54m1
153,702
154,m44.4
155,k3.1
156,chudmu84418441
157,chh320842483155h4
158,m4912.1
159,p0148h498h0d480k4ch0d48017u
160,ch123
161,f318080701
162,kh0w24ch0d4ch00dchud4n12
163,p014chud1chudmu
164,702.1
165,p4541
166,5n3h4chum84nchumudh0ndh0n
167,kh3ch4944nd
168,m4424n09udhum4124kh4nk1kh4nk1
169,m491kh4nk12
170,p014ku7742
171,84cch413h2
172,k4w242.1
173,84chh4m4n9n44n9p0d
174,m424n1p0nd5h3742
175,8415h15hn450h4117h02
176,h374
177,muk4.1
178,47h.2
179,8021d1mu702
180,9442
181,m4421702
182,m44.5
183,k3.2
184,chud1702.3
185,m42.2
186,vh0d47um1
187,841
188,h49u
189,k020!!vuu5k1
190,m49144284h4nch0d8411484k10184pj37h84w45332
191,h0
192,ky48h4dw48h37h18h05d48h0521
193,w41180028002
194,k4
195,84418u284kchh1n42chh074
196,ch374nchuch1chu7muh4d09149442
197,m42409442
198,m424y3
199,dun1y49442
200,m3
201,d441
202,1394dch4790p41
203,94u24vjh47w4k15k1
204,m41y44
205,ku774
206,81y4y114421442
207,ch4701442
208,1394142ch47m44
209,chud40mu7h24nd1
210,k4.1
211,84chh424nd1kh4n424v1
212,kum42
213,p47317021
214,84h1n
215,k3.3
216,ch0du7021
217,m41y44.1
218,k3.4
219,ch0dum4421
220,7470021
221,n3
222,ch414y4k842udd1n
223,0w415141100
224,8h0521
225,ch4474nuj848huch4k841
226,n0
227,8h05d0831n
228,ch0d83nch0d8h4dv08h3nch0d8h0078h0p48h05
229,m421n48h054d
230,p4ppu8h05d08h0521n18081480814
231,v4942n1
232,84yd180521ch02d80521n48uckw4558udh4141ch4fu
233,944nch1ch1ch0dch0d
234,4m1ch0dh2uch0dk4ny4ch0duchup21
235,14u21chu71y4d425h11dh3314
236,1und
237,n1
238,0144d34p3nf477u944n
239,7421944nd
240,9h4p11944nd
241,m4.4
242,"9h41""944nd1n4,"
243,"94nd1n4""94nd"
244,nu
245,k44nu94nd1
246,ch0d1n494nd094nd0
247,5410931
248,9h49h421n49h31
249,ch0dy09h31ch0yd1h41k1
250,244nd
251,n4h425h
252,d4141h425h17h0p4hu23f4j4420jh4dh1n0!j19n35h
253,m3v4n1k420
254,1020k3m
255,chh0ku742114kh07414nd10d410dd3
256,m42110w20h1u111und
257,8h4947m44
258,n3.1
259,9h47
260,8h05d1n4m44j4ddh4m4421
261,7470021.1
262,00p32
263,8355m4451
264,ch0d4mn0m4d4ch0dm4d4ch0dm4nd1
265,5u533m4n1km424
266,m4n
267,n0.1
268,14d0m421
269,8h0521.1
270,ch447m321
271,944n
272,ch477m0h17m0h7m074
273,j1j4hn490
274,ch01d0n4kh0d1y4n4mun0n423nd32
275,m0d1p1k1n4p1k1n4p1m
276,p1mp00m
277,p00mp21y4n5hupuch1
278,ch0dpu71244nd2um4n45411541u
279,9u7`7154nd455uww42
280,j3wu
281,d4chu74421
282,841.1
283,n0.2
284,49h4n074421
285,m4.5
286,p42453v0
287,7y4-23h
288,3
289,7u71
290,k423h
291,ch3!7424
292,844p
293,n1.1
294,944n74233
295,9442.1
296,m4.6
297,10w20h74233
298,9h442
299,m4.7
300,d0h
301,14d4h7421
302,80521
303,k44p1
304,k42w47421
305,d49217421
306,944nd
307,m423.1
308,k42y4
309,ku724
310,8414d47421
311,94nd4y11
312,k421
313,k0y11
314,d49217421.1
315,m4.8
316,n4
317,8u814
318,5uk41-9y47421
319,m4.9
320,n3.2
321,h4d1
322,k4dh70
323,h47h1
324,ch0d37421
325,m4.10
326,n1.2
327,pu7717421
328,m4.11
329,n0.3
330,p0p107421
331,m44.6
332,n4.1
333,84814
334,chu5u7421
335,m44.7
336,n4.2
337,8h05d4
338,m4.12
339,m420
340,10d07421
341,m44.8
342,n4.3
343,m0dh4
344,m4.13
345,m420.1
346,10d07421.1
347,m44.9
348,n3.3
349,ch0du7421
350,m44.10
351,n1.3
352,747u217421
353,m41
354,n1.4
355,94nd7421
356,m4n1
357,ch007
358,m4.14
359,d32k4
360,80137420
361,844p.1
362,74n3
363,ch4d3ch37323
364,m4.15
365,nu.1
366,h1n74
367,k4273233
368,m44h
369,94d3217h421
370,m4.16
371,n3.4
372,80220
373,m420.2
374,1020
375,n4kh1d357h421
376,m4.17
377,n1.5
378,9h44n7u5477u73111
379,n120dh
380,n0.4
381,4u14d84h4n
382,k3.5
383,14wd384w411
384,94nd8h3n
385,k3.6
386,d1n3chudhu
387,k3.7
388,ch0dd3dh1
389,k3.8
390,14wd3dh1ch0dd0m354k5
391,d4n50
392,d4n10
393,m0742!8h002chu7742chu7742194nd
394,ch0d9hun7
395,f414jhu14n1y4m4dh42
396,ch0d5h1v0m
397,1417321
398,m41ch0dm1y4
399,k4.2
400,k47314
401,1undm1y4nm1y4n
402,8h4dv1m1y4n
403,24ndm1y3
404,109
405,m4dh42ch0dchu7chu7
406,k3.9
407,8441chu7
408,k3.10
409,dh4kk4nchu7
410,m44211chu74dchu74ddchu74nchu714chu71y4944nd944ndf47944ndm4571944nduf4d94ndu945h71945719h45549h4571h424m1h424m24d3h4w45h4w45
411,k3.11
412,puj421h1jd4h1j24jh4n7jh4n7
413,ch447ujh4n7
414,k3.12
415,8441jh4n7uk4m1n3k4m1n3yk4nj42ku774ku774
416,k4m1n4ku773
417,k1
418,4u14dku773
419,k1.1
420,j47ku771y410d410du1und1und
421,ch0051und
422,kh4j0021und70p11undu23m44
423,k1.2
424,chu7m441m4d42
425,ch0dm00h
426,m31n
427,13mu77hn4j4y42n4j4y42
428,4u144dn4j4y42
429,p41d415hp4k1p474k4p474kh4244nd24nd15441454414
430,ku77454411
431,ku77154411
432,24nd15u425u42
433,k1.3
434,4u14d74773747717321
435,m44.11
436,k4.3
437,8h054d47321
438,m44.12
439,k4.4
440,8084
441,chu5u7321
442,m44.13
443,k1.4
444,chu77h424k7h42k185dkmc85dkhu71y3ch4kk424ndw324ndv3chu71y3m4d42j44710md4chum71y4chum71y3chu57477090719071y494ndchuu7ch0dy4k3
445,ch0d3ch0d3ch0dyu8084ku774f4k12j44n
446,v42ku774ku771y4kh074kh073y
447,k1.5
448,4u14dku773.1
449,k1.6
450,j47n4j4y42n4j4y42
451,p41d415h54414
452,ku77454411.1
453,ku771500v3274771h1nd1
454,5w342
455,w02d584h3n
456,ch0d84h3n
457,k3.13
458,14ud384h3n
459,k3.14
460,74kk38371
461,ch0d8h41
462,ch0d8h41n5
463,k1.7
464,"4u14d""jh4114,"
465,"f49907""jh4n7"
466,k3.15
467,8441jh44n7
468,k3.16
469,p155uku773
470,k4.5
471,4u14dku773.2
472,k3.17
473,74773m44dh32
474,ch0dp4dm4244nd
475,k4.6
476,j4m4124ndhw4
477,(02
478,24ndw4)2und12und1
479,k4.7
480,84ch42und1
481,k1.8
482,84ch1500w32
483,k3.18
484,84chch3u11u
485,k3.19
486,p47h3h1nd1
487,d127y
488,w02d584nd44800814y8h0n521-w44144c4220m
489,8042dchh3dchu7chu7
490,m421k3ch0duch0d24ch00ch11944ndu944nd1n9
491,93
492,p4n
493,d1
494,ku7
495,73h14vd414vd31und 14vd3
496,k3.20
497,84114v4nd32m4n94ch1n4munmu7h
498,m42n1m8u
499,5h42847m44
500,k3.21
501,84813m4mm3y
502,mumm-4y374773
503,m4541n4707070074
504,hu4
505,1undh1nd1
506,p20f4n3
507,w02d584ck42
508,ch0du8h4nd
509,kh4u8h4ndw3
510,k1.9
511,4u14d8h054d
512,ch0d8umch0d8u2
513,k1.10
514,ch474n1cun7m4m4ch1pk411
515,k3.22
516,chu7
517,k3.23
518,p451n3ch1pk411
519,k3.24
520,944nd.1
521,k3.25
522,p451n3ch1pk411.1
523,k3.26
524,jh447
525,k3.27
526,8441ch1ppk411
527,k3.28
528,jh44n7
529,k3.29
530,p4533n3ch0d314ch0du
531,8h4947chh014
532,phud4kn4chud4n
533,chud41chud41
534,kh4n4chunn1ch007
535,k4.8
536,8441ch007
537,k3.30
538,8h007chu7
539,k3.31
540,dh4kk4nchu7.1
541,m421
542,k3ch007
543,m424n1
544,k4chu7
545,k3.32
546,p451n3
547,m31n.1
548,7414y
549,huy3
550,8h4j1y3chup
551,k3.33
552,chu7.1
553,h41f473y
554,c0nd0m
555,k4y
556,n471j3f474y
557,hu4y
558,1und70p1
559,k4.9
560,235u17944ndu944ndf47944ndm4571944nd
561,k4.10
562,m4kh4n944nd
563,m424u9h0nd00jh4n7
564,ch447ujh447
565,k4.11
566,8h44j1ku773
567,k4.12
568,833j1und
569,ch005u1und
570,f4k3321und0051und
571,k4.13
572,5h028414nd
573,k4.14
574,8h3j41und
575,p3
576,ch4d
577,j41und
578,p3.1
579,7h4nd
580,h411und
581,k3.34
582,p451n314vd3
583,k3.35
584,8441m44
585,k3.36
586,8h4dw3mu7h
587,m442p421ch0dph47313
588,n120dh.1
589,k3.37
590,n471j3pucch1244nd1
591,844j322und1
592,k0
593,ch0ud2u8832
594,8h05d454d1
595,hu1
596,94nd7324
597,4dh4
598,n120dh.2
599,m31n.2
600,24h
601,94y4h1nd1
602,085c3n3
603,w02d54pn4
604,14nd
605,ch0054pn1
606,944nd.2
607,m31n.3
608,mu7h1
609,d4414pn1
610,m4.18
611,k0.1
612,j4
613,ch005ch1n441
614,k3.38
615,94dd3
616,k3.39
617,n1pp13
618,k3.40
619,8441
620,k3.41
621,j00nchu11u
622,8h42
623,mu7h
624,m31n.4
625,d008
626,m4294nd
627,k4.15
628,kh47m4194ndk473
629,ku773944nd
630,m31n.5
631,84m8u944nd
632,m41n
633,14554n944nd
634,m41n.1
635,d4nd4944nd
636,m41n.2
637,k3324h42442
638,1und.1
639,7321
640,944nd.3
641,m41nj44
642,4pn1
643,84j44j48
644,7u
645,p41d4
646,hu4.1
647,70w
648,4493y
649,53
650,y4
651,p33ch3y
652,53.1
653,n1k14
654,7h4
655,chu71y4?k4h3
656,k0.2
657,kh4
658,24h4
659,h41
660,chu7.2
661,k1.11
662,ch4p471
663,4u2
664,1und.2
665,k4.16
666,83j4?k411
667,ch007.1
668,k3.42
669,54f41d
670,"jh447""ku773"
671,k3.43
672,"p007,"
673,7321.1
674,m44.14
675,k1.12
676,"ch007""""10,"
677,m324
678,1und.3
679,4np1
680,83h3n
681,k0.3
682,d3
683,"d0,"
684,4942
685,khud
686,n4.4
687,ch0d
688,"p4y4""1und"
689,chu5m4
690,chud1m31n
691,7321.2
692,m44.15
693,k0.4
694,7321.3
695,84h3n
696,k1.13
697,ch007.2
698,m31n.6
699,ch0d00n94
700,4u2.1
701,7324
702,844p.2
703,141732n
704,13k42
705,44y394.m31n
706,7321.4
707,m44.16
708,k0.5
709,11y4
710,7h4.1
711,u5k1
712,5uh449
713,2447
714,p31.m324
715,chunn1
716,ch005m321
717,1und.4
718,ch005m323
719,chuu5
720,"m420""n4"
721,"ch007,"
722,n4.5
723,"ch00ch3,"
724,n4kh23
725,n002
726,j4h4n
727,"k3!""244nd"
728,k4.17
729,p4712und1
730,k0.6
731,ch0d2und1
732,k1.14
733,74771
734,p3.2
735,8417hn3w4411
736,m4kkh12und1
737,k3.44
738,74771.1
739,p3.3
740,8147hn3
741,w414
742,m4kh17323y
743,844d
744,d1.1
745,944nd.4
746,w1ch
747,d4nd4
748,9hu554
749,k32
750,24kh
751,dhun91.7321
752,83h3n.1
753,k4.18
754,14und4
755,2u8832
756,k4 7h321
757,81w1
758,k0.7
759,7323
760,544mn3
761,ch0dhun947321
762,94nd
763,m31n.7
764,h447h1
765,k4.19
766,1und7321
767,944nd.5
768,m41n.3
769,ku73
770,k4.20
771,1und7323
772,944nd.6
773,m31n.8
774,k33d3
775,p4d4y7321
776,jh4n73n
777,k447
778,k42
779,7323.1
780,m00h
781,p42
782,1494
783,k42.1
784,unk1
785,f23nch
786,8342d
787,84n4
788,d00n94.7321
789,m4.19
790,94nd1
791,2und17321
792,m4.20
793,94dh4
794,k4.21
795,1und.5
796,ch0054y7321
797,m44.17
798,k1.15
799,81m442
800,84d800d42
801,ch0077321
802,m4.21
803,k1.16
804,ch007.3
805,m3.1
806,h47h1.1
807,k4.22
808,dum7321
809,m4.22
810,k1.17
811,chu7.3
812,m41.1
813,548k4
814,1und7321.1
815,m44.18
816,k1.18
817,phud1
818,9uy
819,k1.19
820,h417321
821,m44.19
822,k4.23
823,8h05d47321
824,m44.20
825,k1.20
826,chu737323
827,m41.2
828,k1.21
829,chu7.4
830,7323.2
831,844p.3
832,k4.24
833,14nd7321
834,m1
835,d1.2
836,ku551
837,m3y
838,7324.1
839,54224
840,kh4nd4n
841,k0.8
842,9hu554.1
843,k32.1
844,24kh.1
845,"d00n94.""7321"
846,m44.21
847,k1.22
848,944nd.7
849,k1.23
850,8441.1
851,m31n.9
852,j4144y
853,"hu3,"
854,m4423y
855,hu3
856,ch1pk111
857,k1.24
858,"und4y.""7321"
859,m4.23
860,k1.25
861,8udh
862,m31n.10
863,ch442p41
864,81chh4k3
865,7321.5
866,84h3n.1
867,k0.9
868,ch0dun.7321
869,m44.22
870,k1.26
871,chu7.5
872,m31n.11
873,ch4721
874,13k3
875,9hu5
876,j4un94
877,4u2.2
878,kh01
879,dun94.7323
880,m44.23
881,k0.10
882,54u
883,ku773
884,ch0d3
885,-
886,54u.1
887,w4
888,7324.2
889,844p!702
890,m41.3
891,k3.45
892,ch0dh0j44nv42ku774ku71y4kh0744u14dh33nj447n4j4y4294ndp41d415h54414ku771500v3274771p077y83hnch0d0n83hnch0d83h3nch0d83h3nch0dd84h3nch0d84h4nch0d84h3nch084nch0541184h3nk314ud374kk38371ch0d8h41ch0d8h41n5jh4114jh4n7n48441p155uku773m4d32j47m4dh32ch0dm4d32ch0dm4d442ch0dm4d42j447m44ch0dm4dh42ch0dm4d32ch0d0m4ch0dm44dh32ch0dm4d42ch0d0nm4d42ch0ddm4d42ch0dm44d42ch0dp4dm4244ndj4m4124ndw424nd184ch4ch0d84ch1ch0d500w3284chch3ch0du11up47h384nd4800814y8008y5u428u81324nd848148h0n521w4148h0n5d1w414ch3dchu7ch0dch0duch0d24ch00ch1chuch1944ndu94ndu944nd14vd414wd414ud41und841ch0d14v4nd32mu7hm44ch0m4mm3y7477370707007484ck428h4ndw38h054dch0d8h054d8umch0d8um8u2ch474n1cun7cun7m4m4ch1pk4115413p451n3jh447ch0d3148h4947ch0dchh014chud41chud41kh4n4chunn1ch0078h007dh4kk4n8h4j1y3f473ychu94ndn471j31und70p1944ndu944ndf47944ndm4571m4kh4nchud41944ndm424u94ndu94ndch447u833jch005uf4k332ch0d1und0055h028481n8h3j48h4dw3p421ch0dn120dhpucch1844j32ch0ud8h05d454d1ch005m4k4ch1n44194dd3j00nchu11u94ndd008kh47m4194ndk47384m8u14554nd4nd4k3324k33d4h42442chup41d415h1k33d4k41154f41dp00783h3nd1chu5m4chud1ch0d00n94844pchu141732n5uh449chud412447chud4k441un33chch1kn4m337h4833chk4j1h44d1ch00ch3p471ch0d2und1m4kkh181w1ch0dch0dhun94h447h1ku73jh4n73nk44794nd194dh481m44284d800d42dum244nd54414phud1chu73ku551kh4nd4nch0d9hu554m4423ych1pk111und4y8udhch442p41ch0dunch4721ch0d3ch0dh0mu113mu111mu541m4nm0m3d4nk47u4chu71y4p48cmcchudw4y4ku770n10d110d4jun911v4h1y447j1h4d1474nkv4d1474nkw4d14474nk14474nkw4d18371
893,ch0d8h41.1
894,ch0d8h41n5.1
895,k1.27
896,"4u14d""jh4114,.1"
897,"f49907""jh4n7.1"
898,k3.46
899,8441jh44n7.1
900,k3.47
901,p155uku773.1
902,k4.25
903,4u14dku773.3
904,k3.48
905,74773m44dh32.1
906,ch0dp4dm4244nd.1
907,k4.26
908,j4m4124ndhw4.1
909,(02.1
910,24ndw4)2und12und1.1
911,k4.27
912,84ch42und1.1
913,k1.28
914,84ch1500w32.1
915,k3.49
916,84chch3u11u.1
917,k3.50
918,p47h3h1nd1.1
919,d127y.1
920,w02d584nd44800814y8h0n521-w44144c4220m.1
921,8042dchh3dchu7chu7.1
922,m421k3ch0duch0d24ch00ch11944ndu944nd1n9.1
923,93.1
924,p4n.1
925,d1.3
926,ku7.1
927,73h14vd414vd31und 14vd3.1
928,k3.51
929,84114v4nd32m4n94ch1n4munmu7h.1
930,m42n1m8u.1
931,5h42847m44.1
932,k3.52
933,84813m4mm3y.1
934,mumm-4y374773.1
935,m4541n4707070074.1
936,hu4.2
937,1undh1nd1.1
938,p20f4n3.1
939,w02d584ck42.1
940,ch0du8h4nd.1
941,kh4u8h4ndw3.1
942,k1.29
943,4u14d8h054d.1
944,ch0d8umch0d8u2.1
945,k1.30
946,ch474n1cun7m4m4ch1pk411.1
947,k3.53
948,chu7.6
949,k3.54
950,p451n3ch1pk411.2
951,k3.55
952,944nd.8
953,k3.56
954,p451n3ch1pk411.3
955,k3.57
956,jh447.1
957,k3.58
958,8441ch1ppk411.1
959,k3.59
960,jh44n7.1
961,k3.60
962,p4533n3ch0d314ch0du.1
963,8h4947chh014.1
964,phud4kn4chud4n.1
965,chud41chud41.1
966,kh4n4chunn1ch007.1
967,k4.28
968,8441ch007.1
969,k3.61
970,8h007chu7.1
971,k3.62
972,dh4kk4nchu7.2
973,m421.1
974,k3ch007.1
975,m424n1.1
976,k4chu7.1
977,k3.63
978,p451n3.1
979,m31n.12
980,7414y.1
981,huy3.1
982,8h4j1y3chup.1
983,k3.64
984,chu7.7
985,h41f473y.1
986,c0nd0m.1
987,k4y.1
988,n471j3f474y.1
989,hu4y.1
990,1und70p1.1
991,k4.29
992,235u17944ndu944ndf47944ndm4571944nd.1
993,k4.30
994,m4kh4n944nd.1
995,m424u9h0nd00jh4n7.1
996,ch447ujh447.1
997,k4.31
998,8h44j1ku773.1
999,k4.32
1000,833j1und.1
1001,ch005u1und.1
1002,f4k3321und0051und.1
1003,k4.33
1004,5h028414nd.1
1005,k4.34
1006,8h3j41und.1
1007,p3.4
1008,ch4d.1
1009,j41und.1
1010,p3.5
1011,7h4nd.1
1012,h411und.1
1013,k3.65
1014,p451n314vd3.1
1015,k3.66
1016,8441m44.1
1017,k3.67
1018,8h4dw3mu7h.1
1019,m442p421ch0dph47313.1
1020,n120dh.3
1021,k3.68
1022,n471j3pucch1244nd1.1
1023,844j322und1.1
1024,k0.11
1025,ch0ud2u8832.1
1026,8h05d454d1.1
1027,hu1.1
1028,94nd7324.1
1029,4dh4.1
1030,n120dh.4
1031,m31n.13
1032,24h.1
1033,94y4h1nd1.1
1034,085c3n3.1
1035,w02d54pn4.1
1036,14nd.1
1037,ch0054pn1.1
1038,944nd.9
1039,m31n.14
1040,mu7h1.1
1041,d4414pn1.1
1042,m4.24
1043,k0.12
1044,j4.1
1045,ch005ch1n441.1
1046,k3.69
1047,94dd3.1
1048,k3.70
1049,n1pp13.1
1050,k3.71
1051,8441.2
1052,k3.72
1053,j00nchu11u.1
1054,8h42.1
1055,mu7h.1
1056,m31n.15
1057,d008.1
1058,m4294nd.1
1059,k4.35
1060,kh47m4194ndk473.1
1061,ku773944nd.1
1062,m31n.16
1063,84m8u944nd.1
1064,m41n.4
1065,14554n944nd.1
1066,m41n.5
1067,d4nd4944nd.1
1068,m41n.6
1069,k3324h42442.1
1070,1und.6
1071,7321.6
1072,944nd.10
1073,m41nj44.1
1074,4pn1.1
1075,84j44j48.1
1076,7u.1
1077,p41d4.1
1078,hu4.3
1079,70w.1
1080,4493y.1
1081,53.2
1082,y4.1
1083,p33ch3y.1
1084,53.3
1085,n1k14.1
1086,7h4.2
1087,chu71y4?k4h3.1
1088,k0.13
1089,kh4.1
1090,24h4.1
1091,h41.1
1092,chu7.8
1093,k1.31
1094,ch4p471.1
1095,4u2.3
1096,1und.7
1097,k4.36
1098,83j4?k411.1
1099,ch007.4
1100,k3.73
1101,54f41d.1
1102,"jh447""ku773.1"
1103,k3.74
1104,"p007,.1"
1105,7321.7
1106,m44.24
1107,k1.32
1108,"ch007""""10,.1"
1109,m324.1
1110,1und.8
1111,4np1.1
1112,83h3n.2
1113,k0.14
1114,d3.1
1115,"d0,.1"
1116,4942.1
1117,khud.1
1118,n4.6
1119,ch0d.1
1120,"p4y4""1und.1"
1121,chu5m4.1
1122,chud1m31n.1
1123,7321.8
1124,m44.25
1125,k0.15
1126,7321.9
1127,84h3n.2
1128,k1.33
1129,ch007.5
1130,m31n.17
1131,ch0d00n94.1
1132,4u2.4
1133,7324.3
1134,844p.4
1135,141732n.1
1136,13k42.1
1137,44y394.m31n.1
1138,7321.10
1139,m44.26
1140,k0.16
1141,11y4.1
1142,7h4.3
1143,u5k1.1
1144,5uh449.1
1145,2447.1
1146,p31.m324.1
1147,chunn1.1
1148,ch005m321.1
1149,1und.9
1150,ch005m323.1
1151,chuu5.1
1152,"m420""n4.1"
1153,"ch007,.1"
1154,n4.7
1155,"ch00ch3,.1"
1156,n4kh23.1
1157,n002.1
1158,j4h4n.1
1159,"k3!""244nd.1"
1160,k4.37
1161,p4712und1.1
1162,k0.17
1163,ch0d2und1.1
1164,k1.34
1165,74771.2
1166,p3.6
1167,8417hn3w4411.1
1168,m4kkh12und1.1
1169,k3.75
1170,74771.3
1171,p3.7
1172,8147hn3.1
1173,w414.1
1174,m4kh17323y.1
1175,844d.1
1176,d1.4
1177,944nd.11
1178,w1ch.1
1179,d4nd4.1
1180,9hu554.2
1181,k32.2
1182,24kh.2
1183,dhun91.7321.1
1184,83h3n.3
1185,k4.38
1186,14und4.1
1187,2u8832.1
1188,k4 7h321.1
1189,81w1.1
1190,k0.18
1191,7323.3
1192,544mn3.1
1193,ch0dhun947321.1
1194,94nd.1
1195,m31n.18
1196,h447h1.1
1197,k4.39
1198,1und7321.2
1199,944nd.12
1200,m41n.7
1201,ku73.1
1202,k4.40
1203,1und7323.1
1204,944nd.13
1205,m31n.19
1206,k33d3.1
1207,p4d4y7321.1
1208,jh4n73n.1
1209,k447.1
1210,k42.2
1211,7323.4
1212,m00h.1
1213,p42.1
1214,1494.1
1215,k42.3
1216,unk1.1
1217,f23nch.1
1218,8342d.1
1219,84n4.1
1220,d00n94.7321.1
1221,m4.25
1222,94nd1.1
1223,2und17321.1
1224,m4.26
1225,94dh4.1
1226,k4.41
1227,1und.10
1228,ch0054y7321.1
1229,m44.27
1230,k1.35
1231,81m442.1
1232,84d800d42.1
1233,ch0077321.1
1234,m4.27
1235,k1.36
1236,ch007.6
1237,m3.2
1238,h47h1.2
1239,k4.42
1240,dum7321.1
1241,m4.28
1242,k1.37
1243,chu7.9
1244,m41.4
1245,548k4.1
1246,1und7321.3
1247,m44.28
1248,k1.38
1249,phud1.1
1250,9uy.1
1251,k1.39
1252,h417321.1
1253,m44.29
1254,k4.43
1255,8h05d47321.1
1256,m44.30
1257,k1.40
1258,chu737323.1
1259,m41.5
1260,k1.41
1261,chu7.10
1262,7323.5
1263,844p.5
1264,k4.44
1265,14nd7321.1
1266,m1.1
1267,d1.5
1268,ku551.1
1269,m3y.1
1270,7324.4
1271,54224.1
1272,kh4nd4n.1
1273,k0.19
1274,9hu554.3
1275,k32.3
1276,24kh.3
1277,"d00n94.""7321.1"
1278,m44.31
1279,k1.42
1280,944nd.14
1281,k1.43
1282,8441.3
1283,m31n.20
1284,j4144y.1
1285,"hu3,.1"
1286,m4423y.1
1287,hu3.1
1288,ch1pk111.1
1289,k1.44
1290,"und4y.""7321.1"
1291,m4.29
1292,k1.45
1293,8udh.1
1294,m31n.21
1295,ch442p41.1
1296,81chh4k3.1
1297,7321.11
1298,84h3n.3
1299,k0.20
1300,ch0dun.7321.1
1301,m44.32
1302,k1.46
1303,chu7.11
1304,m31n.22
1305,ch4721.1
1306,13k3.1
1307,9hu5.1
1308,j4un94.1
1309,4u2.5
1310,kh01.1
1311,dun94.7323.1
1312,m44.33
1313,k0.21
1314,54u.2
1315,ku773.1
1316,ch0d3.1
1317,-.1
1318,54u.3
1319,w4.1
1320,7324.5
1321,844p!702.1
1322,m41.6
1323,k3.76
1324,ch0dh044nd44nd4144ndu44ndup4n44814
1325,n4421
1326,7324.6
1327,8u813
1328,8h44214pn1
1329,944nd.15
1330,m31n.23
1331,mu7h1.2
1332,d4414pn1.2
1333,1und.11
1334,ch0054pn1.2
1335,m4.30
1336,k0.22
1337,j4.2
1338,ch00584ck42ch0du84d800d42
1339,ch00784d1284d12ch4nd84h3n
1340,ch0d84h3n.1
1341,k4.45
1342,10d484h3n
1343,k3.77
1344,14ud384h3n.1
1345,k3.78
1346,74kk384h3n
1347,k1.47
1348,ch00784h3nch0d84h1nch0d84hnch0d84k14nd84k21
1349,ch0d84kw44584n
1350,ch0d84nch0d84nch00d84nd4484ndh4283n
1351,ch0d83nch0d8371
1352,ch0d8h4dh4v48h4dkh4u8h4dw48h4dw3
1353,k4.46
1354,4w1478h41
1355,ch0d8h41n5.2
1356,k1.48
1357,4u14d8h4n
1358,chh0d8h4nch0d8h4nd4v48h3n
1359,ch0d8h3n
1360,k3.79
1361,14ud38h3n
1362,k3.80
1363,74kk38h3nch0d8h3nch0dd8h0n521-w441448h054d
1364,ch0d8h054d1k38h05d44
1365,v32y8h05d1
1366,k48h05d1
1367,w4148h05d1k4801
1368,7321.12
1369,94nd.2
1370,k4153
1371,m42u800814y8uddh4
1372,kh005478uh74h-n33
1373,k48umch0d8und8und
1374,m4244
1375,138u28u2
1376,k1.49
1377,ch474n1c4220m
1378,8042dch42
1379,50h
1380,815chh4471chh3dchh014
1381,phud4kn4ch1n441ch1n441
1382,k3.81
1383,94dd3.2
1384,k3.82
1385,n1pp13.2
1386,k3.83
1387,8441.4
1388,k3.84
1389,j00nch1pk411
1390,k3.85
1391,chu7.12
1392,k3.86
1393,p451n3ch1pk411.4
1394,k3.87
1395,944nd.16
1396,k3.88
1397,p451n3ch1pk411.5
1398,k3.89
1399,jh447.2
1400,k3.90
1401,8441ch1pk411
1402,k3.91
1403,jh447.3
1404,k3.92
1405,p4533n3ch1pk411
1406,k1.50
1407,8h191
1408,chu7ch0d314ch0dn44
1409,70
1410,fuck ch0d24ch0duch0du
1411,8h4947ch00ch1ch00ch11ch007ch007
1412,k4.47
1413,8441ch0074dch0074dch0dch00714ch0071y4ch0071y4p4ch0071y4p4n71chud441chud441
1414,kh44n1chud41chud41
1415,kh4n4chud4nchud1chudw4n4chu11
1416,u7hn4chunn1chu5n4w41chu5n4w414chu7chu7
1417,k4.48
1418,8h007chu7.2
1419,k4.49
1420,puj421chu7
1421,k3.93
1422,dh4kk4nchu7.3
1423,k3.94
1424,9u14mchu7
1425,k3.95
1426,p451n3chu7
1427,m421k3chu74nchu714chu71y4chu71y4p4cun7m4m4dh33
1428,ch0ddh33
1429,k4.50
1430,1unddh3314
1431,1undf473
1432,c0nd0m.2
1433,k4.51
1434,n471j3fudd1
1435,pu55y 944nd944nd
1436,455h013
1437,(d3f1n1710n) 944nd
1438,k4.52
1439,m4kh4n944nd.2
1440,m442n4
1441,70.1
1442,fuck
1443,1n
1444,7h3
1445,455 944nd
1446,m41n.8
1447,d4nd4944nd.2
1448,m41n.9
1449,k3324944nd
1450,m41n.10
1451,14554n944nd.2
1452,m424u944nd
1453,m42n4944nd
1454,m31n.24
1455,84m8u944ndf47944ndk473
1456,ku773944ndm4571944ndu944ndu
1457,455h013.1
1458,(p3250n) 945h71945733945719h4554d9h45719h31ch0d1490719071y4n9p1
1459,(944nd
1460,p3.8
1461,1447)9undm4244
1462,455
1463,fuck3d
1464,(m4n) 9undm421
1465,455.1
1466,fuck3d.1
1467,(14dy) h4244m
1468,k4.53
1469,chud4
1470,50n
1471,0f
1472,unkn0wn
1473,f47h32 h4244m
1474,k1.51
1475,chud1.1
1476,fuck3d.2
1477,8y
1478,50m30n3
1479,07h32
1480,7h3n
1481,hu584nd. h4244m
1482,244d4h4244m1h4244mj44d4
1483,50n.1
1484,0f.1
1485,unkn0wn.1
1486,f47h32 h4244mj44d1
1487,d4u9h732h4244mkh02h1jd4h1jd44h1jd3h1j24hu91n9
1488,93.2
1489,p4n.2
1490,d1.6
1491,ku7.2
1492,73hj4nuw42jh44n7jh44n7
1493,k4.54
1494,8441jh44n7.2
1495,k3.96
1496,p155ujh44n7
1497,ukh44dn4jh447
1498,ch447ujh447.2
1499,k4.55
1500,8h44j1jh4114jh4n7
1501,k3.97
1502,8441jh47
1503,k3.98
1504,8441k44mch02k4d4k
1505,m441k411
1506,ch007.7
1507,k3.99
1508,54f41d.2
1509,jh447k411
1510,chu7.13
1511,k4.56
1512,54f41d.3
1513,jh447k4m1n4k4714kh4d3
1514,1und.12
1515,p3.9
1516,dh0k4kh45m4nu
1517,kh44n1kh074kh073y
1518,k1.52
1519,4u14dkh073y
1520,k1.53
1521,4u1d4k1pdku7chud1ku7h1
1522,f02
1523,9121ku71y4ku71y4
1524,k3.100
1525,p1113yku773
1526,k4.57
1527,4u14dku773.4
1528,k4.58
1529,4w147ku773
1530,k4.59
1531,833jku773
1532,k4.60
1533,1undku773
1534,k3.101
1535,p1113yku773.1
1536,k3.102
1537,p007ku773
1538,k3.103
1539,74773ku773
1540,k1.54
1541,j47ku771y4ky4
1542,k4d4k
1543,h41.2
1544,y3ky4
1545,m441
1546,h41.3
1547,y314dk1ch0d14nd41714v4nd3214vd414vd314vd3
1548,k3.104
1549,844114vd3
1550,k3.105
1551,84110d410du10nd1y4ch0d1und1und
1552,ch0051und.1
1553,ch005u1und.2
1554,chu51und
1555,f4k3321und
1556,f4k121und
1557,k4.61
1558,8h3j41und.2
1559,k4.62
1560,5h02841und
1561,k3.106
1562,p451n31und
1563,p3.10
1564,ch4d.2
1565,j41und.2
1566,p3.11
1567,7h4nd.2
1568,h411und 1und0051und70p1m4
1569,chud1m44
1570,chud44m44
1571,k4.63
1572,8h05d4m44
1573,k3.107
1574,84813m44
1575,k3.108
1576,8h4dv3m44
1577,k3.109
1578,8h4dw3m44
1579,k3.110
1580,14ud3m44
1581,k1.55
1582,ch007m44
1583,k1.56
1584,chu7m44
1585,k1.57
1586,phud1m44ch0dm44-ch0dm44-chu7m44d42ch0dm44dh32
1587,ch0dm44k1chu7m441
1588,53m3nm4d32
1589,ch0dm4h4
1590,944ndum4mm3ym4n94ch1n4munm457
1591,m441m0mm3m007mu742mu7h
1592,m442mu7h
1593,m42mu7h
1594,m42n4mu77h41n4
1595,chh07n4j4y42n4j4y42
1596,p41d415hn3724ch0d4n
1597,m47
1598,k42n1m8u
1599,5h42847p44dp44du
1600,k4unp44941
1601,ch0d4p4dm4p4nch0p421ch0dph47313
1602,n120dh.5
1603,k3.111
1604,n471j3p15448pucch1244nd244nd
1605,k4.64
1606,j4m41244nd
1607,k4.65
1608,p471244nd1
1609,844j32244pch1k24kh41124nd
1610,ch0d24ndhw424ndw42u8832
1611,8h05d42und332und12und1
1612,4pn1.2
1613,chu7.14
1614,13k4
1615,4n42und1
1616,k4.66
1617,84ch42und1.2
1618,kh4n42und1
1619,k1.58
1620,84ch12und1
1621,k0.23
1622,ch0wd5441454414
1623,ku77454411.2
1624,ku77154d1
1625,hu1.2
1626,944nd5411
1627,ku745411
1628,ku7715341
1629,8und5341
1630,p4ck
1631,v1291n 53ww32
1632,k1.59
1633,84ch1500v32500w32
1634,k3.112
1635,84chch35uww425uww42
1636,k4.67
1637,84chch45uww42
1638,k3.113
1639,1und5uww42
1640,k1.60
1641,84chch15uww421y474773
1642,m4541n470074
1643,hu4.4
1644,1und702
1645,m41.7
1646,k3.114
1647,ch0dh0u1100
1648,ch0d4
1649,57up1du1100
1650,k4.68
1651,p477h44u11u
1652,k3.115
1653,p47h3und124nd1244nd124ndw3h424m1h424m
1654,kh02h424mk02m44
1655,ch0dm44
1656,chud4m44
1657,ch00d4m44
1658,k1.61
1659,44nkh24nd1
1660,k38c8k1muh
1661,m3.3
1662,1313m44
1663,k4.69
1664,8h05d4494ndw394ndw48h05d1
1665,w413c***y4p4805d1
1666,k3805d1k3m4d42ch00d819
1667,800855h4k3
1668,y0u2
1669,8008553x
1670,80085uck
1671,u2
1672,80085m4d32ch0dxxx423
1673,u
1674,51u7fucky0531f14ud38h05d4chu71y4p4n718hnch000fuk
1675,uchu7
1676,10d41un
1677,p4k4d
1678,10m4d42ch0dm4
1679,k3.116
1680,10d3ch007h7321
1681,m4.31
1682,k4.70
1683,84m845uck
1684,817ch5c23w
1685,u5c23w
1686,y0upuccy14ud491218h3nch0dhm4d42ch0dhch007h1y3m44
1687,chud40944nd
1688,m424xd351.c0mxv1d305.c0m8***5chu71y44p448h3nch0d0m44k1
1689,chu7f@#*
1690,y0uf...
1691,un1c3
1692,800857323
1693,m44.34
1694,ch0dun944mm4
1695,ch0dch1n41
1696,109ch1n41fudufuddu8uckch0d14ud4m44
1697,chud4y3chud4y324nd1
1698,k94ndujh447ujh47ujh4700chu5542chup
1699,8
1700,8h05d1k38h05d1
1701,k38h05d1m44
1702,k3.117
1703,10d3y..94nd
1704,m424083h4nch0d8h055d1
1705,km44k114ud1mu7h
1706,m42k3
1707,50j4mu7h
1708,m42k4
1709,50j4mu7h.1
1710,m42.3
1711,k3.118
1712,50
1713,j4mu7h
1714,m44280k4
1715,ch0d48h05d1k384kch0d84ckc90d82357c134v493chudn4phud1cu7y1y3p3nn15chu.784ckch0dh07
1716,c13v493c13v49394nd8h054d1w441380k4ch0d4n1c3
1717,c134v493jh477h0d3
1718,d484
1719,d08051d***k384nd
1720,k42.4
1721,14v**d8h449
1722,8h4nch0d3
1723,8h4nch0d38449
1724,84ch0d
1725,14dk184ch0dcu**7ch****y384n**ch1dchu
1726,chu84chch0d94**nd0m4chud40chuch17321
1727,m44.35
1728,k1.62
1729,***chu555
1730,13chuchuu8*nch*d*cu71y38051d1k38000000888885555muh
1731,m43
1732,1384kch0d18h*5d1k3244n*510138hdv384h4n
1733,k1.63
1734,chu47m44d2
1735,ch44d94**nd94**chuchuchu544
1736,hu48051d1k37321
1737,m44.36
1738,k4.71
1739,544k1f***1n9f***0ffchup
1740,mc8h05d1w44138h05d1k33444nd
1741,m47.1
1742,k4h444nd
1743,m47.2
1744,k4h444nd4144ndu44ndup4n44814
1745,n4421.1
1746,7324.7
1747,8u813.1
1748,8h44214mm4
1749,k1.64
1750,chu74ndh4pn4
1751,14nd.2
1752,ch0054pn4
1753,1und.13
1754,ch0054pn4.1
1755,m4.32
1756,k0.24
1757,j4.3
1758,ch0054pn1.3
1759,944nd.17
1760,m31n.25
1761,mu7h1.3
1762,d4414pn1.3
1763,14nd.3
1764,ch0054pn1.4
1765,1und.14
1766,ch0054pn1.5
1767,m4.33
1768,k0.25
1769,j4.4
1770,ch0054541
1771,k4.72
1772,chud4844p
1773,k3.119
1774,14vd384ck42
1775,ch0du84ck42ch0du84ckch0d84d33284d1284d12ch4nd84h3n
1776,ch0d84h3n.2
1777,k4.73
1778,10d484h3n.1
1779,k3.120
1780,14ud384h3n.2
1781,k3.121
1782,74kk384h3nch0d84h1nch0d84hu
1783,ch0d84kch0d84kch0d
1784,8111184k14nd84k10184k1und84k21
1785,ch0d84k21ch0d84147k44284nch0d8c83h4n
1786,ch0d83h3n
1787,ch0d83h3n.1
1788,k4.74
1789,14u2483h3n
1790,k3.122
1791,14nd83h3n
1792,k3.123
1793,14ud383h3n
1794,k3.124
1795,14wd383h3n
1796,k3.125
1797,1und83h3n
1798,k3.126
1799,74k383h3nch0d83h3nk314ud383hnch0d83nch0d8371
1800,ch0d8371ch0d8h44nd
1801,m3.4
1802,j4408h4dh4v48h4dv4
1803,ch0d1k48h4dw48h4dw38h4dw3
1804,k4.75
1805,4w1478h4dw3
1806,k1.65
1807,n45418h49
1808,8h05d1k38h41
1809,chh0d
1810,8h4y33
1811,ch0d8h41.2
1812,ch0d8h41nch0d8h41n5
1813,k1.66
1814,4u14d8h415
1815,k3.127
1816,1und8h415
1817,k1.67
1818,p00nch8h4nd
1819,kh4u8h4nd4v48h4ndw3
1820,k1.68
1821,4u14d8h3n
1822,chh0d.1
1823,8h4ynch0d8h3n
1824,ch0d8h3n.1
1825,d1.7
1826,fudd18h3n
1827,k3.128
1828,14ud38h3n.1
1829,k3.129
1830,10d38h3n
1831,k3.130
1832,10d3
1833,m44.37
1834,chud48h3n
1835,k3.131
1836,74kk38h3n
1837,k1.69
1838,ch0078h3nch08h3nch0d8h0dh51k38h0n521w441448h007n33
1839,k48h007n1k8h054d
1840,ch0d8h054d
1841,244nd8h054dch0d8h054d1
1842,k8h054d1
1843,k38h054d1k38h054d1w4148h05d48h05d448h05d33
1844,k4y8h05d18h05d1
1845,k8h05d1
1846,k48h05d1.1
1847,k414m8h05d1
1848,k38h05d1
1849,w4148h05d1
1850,w4138h05d1k8h05d1k48h05d1k38h05d1v44138h05d1w4148h05d1w4138hund180k4ch0d4801
1851,7321.13
1852,94nd.3
1853,k4153.1
1854,m42u800814y800285dk8uddh4
1855,kh005478uh74hn33
1856,k48u113
1857,k3.132
1858,84418umch0d8und8und
1859,m4244.1
1860,138u28u2.1
1861,k4.76
1862,ch0d48u2
1863,k1.70
1864,ch474n18u228u22
1865,k3.133
1866,84418u25un9h4c4m1n4ch4
1867,ch4
1868,ch0dch4chund32
1869,k1.71
1870,4u14dchh014
1871,phud4kn4chhu7
1872,k4.77
1873,8441ch1n441ch1n441
1874,k3.134
1875,94dd3.3
1876,k3.135
1877,n1pp13.3
1878,k3.136
1879,8441.5
1880,k3.137
1881,j00nch1n41ch1pk41
1882,k1.72
1883,ch007.8
1884,k3.138
1885,p4533n3ch1pk411.1
1886,k3.139
1887,chu7.15
1888,k3.140
1889,p451n3ch1pk411.6
1890,k3.141
1891,944nd.18
1892,k3.142
1893,p451n3ch1pk411.7
1894,k3.143
1895,jh447.4
1896,k3.144
1897,8441ch1pk411.1
1898,k3.145
1899,jh447.5
1900,k3.146
1901,p4533n3ch1pk411.2
1902,k1.73
1903,8h191.1
1904,chu7ch1ppk411
1905,k3.147
1906,jh44n7.2
1907,k3.148
1908,p4533n3ch0d
1909,k3.149
1910,841.2
1911,k4.78
1912,k1d4ch0d314ch0du
1913,8h4947ch00ch3ch00ch1ch00ch11ch00dch00d451ch00dp4941ch00h3
1914,k1.74
1915,m007ch007
1916,k
1917,8h007ch007
1918,k.1
1919,p4k0d3ch007
1920,k4.79
1921,8441ch007.2
1922,k4.80
1923,p44n1ch007
1924,k4.81
1925,p155uch007
1926,k3.150
1927,8h007ch007.1
1928,k3.151
1929,8h007
1930,v491n41
1931,9h057ch007
1932,k1.75
1933,jh1111ch007
1934,m424n1.2
1935,k4ch0074dch0074dch0dch00714ch0071y4ch0071y4p4n71ch0p23
1936,h3
1937,24nd1chud441chud441
1938,kh44n4chud441
1939,kh44n1chud41
1940,kh4n4chud411chud4n
1941,chud41chud453chud451chud3chud1chudp4941chudw4n4chu11
1942,u7hn4chu11u
1943,8h42.2
1944,mu7h.2
1945,m31n.26
1946,d008.2
1947,m42chup
1948,k3.152
1949,chu7.16
1950,h41chu5n4w414chu5n4w411chu7chu7
1951,k.2
1952,dh32chu7
1953,k4.82
1954,8h007chu7.3
1955,k4.83
1956,m41nd4kchu7
1957,k4.84
1958,n41chu7
1959,k4.85
1960,puj421chu7.1
1961,k420chu7
1962,k3.153
1963,8441chu7.1
1964,k3.154
1965,dh4kk4nchu7.4
1966,k3.155
1967,9u14mchu7.1
1968,k3.156
1969,m4kkh4nchu7
1970,k3.157
1971,p4k0d3chu7
1972,k3.158
1973,p451n3.2
1974,m31n.27
1975,7414y.2
1976,huy3.2
1977,8h4j1y3chu7
1978,khuj44n3
1979,v4411chu7
1980,k1.76
1981,4ndh1chu7
1982,k1.77
1983,py451chu7
1984,m421.2
1985,k3chu7
1986,m421k3chu7
1987,53.4
1988,147k4
1989,hu4.5
1990,14ud3
1991,k4.86
1992,m007chu74nchu73chu714chu71y4chu71y4
1993,ch00714chu71y4
1994,k4.87
1995,8h3j4
1996,9h45
1997,kh4n3
1998,94y4
1999,h41chu71y4hchu71y3chu774dchu774d
2000,ch0dcun7m4m4cu71k47
2001,1undd4111dh33
2002,ch0ddh33.1
2003,k4.88
2004,1unddh3314.1
2005,1unddh3311
2006,ch007dh311
2007,chu7d0914f474y
2008,hu4y.2
2009,1und70p1.2
2010,k4f474y
2011,hu4y.3
2012,1und70p1.3
2013,k4.89
2014,235u17f473
2015,c0nd0m.3
2016,k4.90
2017,n471j3f473y
2018,c0nd0m.4
2019,k4y.2
2020,n471j3fudd1fud11
2021,k944nd944nd
2022,ch447
2023,m324944nd
2024,944nd944nd
2025,k.3
2026,8441944nd
2027,k4.91
2028,8441944nd.1
2029,k4.92
2030,kh4dd4944nd
2031,k4.93
2032,m4kh4n944nd.3
2033,k4.94
2034,p1114944nd
2035,k3.159
2036,dh4k4n944nd
2037,k1.78
2038,4u144d944nd
2039,m442.3
2040,8h3n
2041,ch0d944nd
2042,m442n4944nd
2043,m41n.11
2044,d4nd4944nd.3
2045,m41n.12
2046,k3324944nd.1
2047,m41n.13
2048,14554n944nd.3
2049,m424944nd
2050,m424u944nd.1
2051,m42n4944nd.1
2052,m31n.28
2053,84m8u944nd.2
2054,m31n.29
2055,k1d4944ndf47944ndk473
2056,ku773944ndm4571944ndu94dh494nd
2057,m31n.30
2058,d4nd494nd
2059,m31n.31
2060,10ud494nd1
2061,chu7.17
2062,m31n.32
2063,54d74
2064,hu4.6
2065,94nd4
2066,k1d494nd1
2067,fudd1
2068,k1.79
2069,94nd1.2
2070,4u14dd94ndk473
2071,ku77394ndm42394ndm457194ndu94ndu
2072,5441494ndu3945h71945733945719h4554d9h45719h31ch0d149h0nd0090739073
2073,k17n3
2074,8h1
2075,84d3
2076,h0.1
2077,1und.15
2078,k3.160
2079,n1ch3
2080,h1
2081,23h73
2082,h419071
2083,muh
2084,m31n.33
2085,h419undm42449undm421h4m421
2086,13
2087,24h3
2088,h41h4244m
2089,k4.95
2090,chud4h4244m
2091,k1.80
2092,chud1h4244m
2093,244d4h4244m1h4244mj44d4h4244mj44d1h4244mkh02h424m
2094,244d44h424m1h424m1
2095,k3.161
2096,p1113h424mkh02h424m244d4h424m24d3h4242y44d4h4v45h42442
2097,1und.16
2098,7321.14
2099,944nd.19
2100,m41nh1jd44h1jd3h1j24h24m1hu9n4hu9n44j48
2101,7u.2
2102,p41d4.2
2103,hu4.7
2104,7h0
2105,4493y.2
2106,53.5
2107,y4.2
2108,p33ch3y.2
2109,53.6
2110,n1k14.2
2111,7h4.4
2112,chu71y4j48
2113,7u.3
2114,p41d4.3
2115,hu4.8
2116,70w.2
2117,4493y.3
2118,53.7
2119,y4.3
2120,p33ch3y.3
2121,53.8
2122,n1k14.3
2123,7h4.5
2124,chu71y4j4n4m
2125,j414j4n4m
2126,j411j4nuw42j4nw42jh44n7jh44n7
2127,k4.96
2128,8441jh44n7.3
2129,k3.162
2130,jh47u23jh44n7
2131,k3.163
2132,p155ujh44n7.1
2133,ukh44dn4jh447jh447
2134,ch447ujh447.3
2135,k4.97
2136,8h44j1jh447
2137,k3.164
2138,8441jh44700n
2139,54414jh447ujh4d
2140,j44n4jh4ndujh4n7
2141,ch447ujh4n7.1
2142,k3.165
2143,8441jh4n7ujh47
2144,k3.166
2145,8441jh47.1
2146,14h3294y4jh4700jhundj00
2147,k3.167
2148,h4993k4414
2149,1undk4411
2150,ku771k4d4k
2151,m441k4h3
2152,k0.26
2153,kh4.2
2154,24h4.2
2155,h41.4
2156,chu7.18
2157,k1.81
2158,ch4p471.2
2159,4u2.6
2160,1und.17
2161,k4.98
2162,83j4?k411.2
2163,ch007.9
2164,k3.168
2165,54f41d.4
2166,jh447k411.1
2167,chu7.19
2168,k4.99
2169,54f41d.5
2170,jh447k4m1n4k4m1n3k4m1n33k4m1n3yk4714kh4d3
2171,1und.18
2172,p3.12
2173,dh0k4kh45m4nu.1
2174,kh44n1kh074kh073y.1
2175,k1.82
2176,4u14dkh073y.1
2177,k1.83
2178,4u1d4khujjuk1pdkuk42ch0dku7chud1ku7h4ku7h4
2179,5414ku7h1ku7h21ku7h74
2180,8u244n4h3
2181,k4nd44
2182,n4h1
2183,p47744h3ku71y4ku71y4
2184,k3.169
2185,p1113yku71y44ku774ku773ku773
2186,k4.100
2187,4u14dku773.5
2188,k4.101
2189,4w147ku773.1
2190,k4.102
2191,84chh4ku773
2192,k4.103
2193,833jku773.1
2194,k4.104
2195,1undku773.1
2196,k3.170
2197,4u144dku773
2198,k3.171
2199,p1113yku773.2
2200,k3.172
2201,p007ku773.1
2202,k3.173
2203,74773ku773.1
2204,k1.84
2205,4u14dku773.6
2206,k1.85
2207,j47ku773
2208,k1.86
2209,014dku771ku771y4ky4
2210,k4d4k.1
2211,h41.5
2212,y3ky4.1
2213,m441.1
2214,h41.6
2215,y314dk1ch0d14nd
2216,k4.105
2217,8h3j414nd41714ndu314ndu2314ud414ud4p14ud314ud3
2218,k3.174
2219,844114ud3
2220,541314vd414vd314vd3
2221,k4.106
2222,844114vd3.1
2223,k3.175
2224,844114vd3.2
2225,k3.176
2226,84114wd414wd310
2227,m324.2
2228,1und.19
2229,4np1.2
2230,83h3n.4
2231,k0.27
2232,d3.2
2233,d0
2234,4942.2
2235,khud.2
2236,n4.8
2237,ch0d.2
2238,p4y410
2239,m324.3
2240,1und.20
2241,4pn1.3
2242,83h3n.5
2243,k0.28
2244,d3.3
2245,d0.1
2246,4942.3
2247,khud.3
2248,n4.9
2249,ch0d.3
2250,p4y410d410d3
2251,j351
2252,5h4k41
2253,k310d3
2254,k3.177
2255,844110d3y
2256,j4153
2257,5h4k41.1
2258,732110du10duu10nd1y4ch0d10wd3
2259,k4.107
2260,8411und1und
2261,ch005u1und.3
2262,chu51und.1
2263,chu531und
2264,f4k3321und.1
2265,f4k121und.1
2266,f3kh
2267,k3.178
2268,m4200n94
2269,70h
2270,7324.8
2271,p0024
2272,kh4nd4n.2
2273,chud
2274,j4y394
2275,chu7m421k31und
2276,k.4
2277,14ddu1und
2278,k4.108
2279,84411und
2280,k4.109
2281,8h3j41und.3
2282,k4.110
2283,5h02841und.1
2284,k3.179
2285,p451n31und.1
2286,kh4j0021und
2287,1uhnd1und
2288,m324.4
2289,muh.1
2290,73241und
2291,p3.13
2292,ch4d.3
2293,j41und.3
2294,p3.14
2295,7h4nd.3
2296,h411und.2
2297,ph3k
2298,k3.180
2299,m423n93
2300,kh4nd4n.3
2301,chud.1
2302,j4y3941undf4k121und005m4
2303,chud1m44.1
2304,chud44m44.1
2305,k4.111
2306,14ud4m44
2307,k3.181
2308,84813m44.1
2309,k3.182
2310,8h4dv3m44.1
2311,k3.183
2312,8h4dw3m44.1
2313,k3.184
2314,14ud3m44.1
2315,k1.87
2316,44nkhm44
2317,k1.88
2318,ch007m44.1
2319,k1.89
2320,chu7m44ch0m44ch0dm44ch0dhm44d42
2321,ch0wdm44d42ch0dm44dh32
2322,ch0dm44k314ud3m441m441
2323,chh0dn4m4423y
2324,hu3.2
2325,ch1pk111.2
2326,k1.90
2327,und4ym4ch0dm4ch0dhm4d42
2328,ch0dm4d42
2329,j447m4d42ch0dm4d42ch0d
2330,k3.185
2331,4u144dm4d42ch0dhm4d42j47m4d32
2332,ch0dm4dh42ch0dm4h4
2333,944ndum4hd32
2334,ch0dm4hd32ch0dm41
2335,ch0dm41ch0dm4mm3m4mm3y
2336,mumm4y3m4n94ch1n4munm457
2337,m441mcm31n
2338,7321.15
2339,m44.38
2340,k0.29
2341,11y4.2
2342,7h4.6
2343,u5k1.2
2344,5uh449.2
2345,2447.2
2346,p31m31n
2347,7321.16
2348,m44.39
2349,k0.30
2350,7321.17
2351,84h3n.4
2352,k1.91
2353,ch007.10
2354,m31n.34
2355,ch0d00n94.2
2356,4u2.7
2357,7324.9
2358,844p.6
2359,141732n.2
2360,13k42.2
2361,44y394m31n
2362,7321.18
2363,m44.40
2364,k0.31
2365,7321.19
2366,8h3n.1
2367,k1.92
2368,ch007.11
2369,m31n.35
2370,ch0d00n94.3
2371,4u2.8
2372,7324.10
2373,844p.7
2374,141732n.3
2375,13k42.3
2376,44y394m324
2377,chunn1.2
2378,ch005m324
2379,94nn4
2380,m323
2381,d11
2382,53.9
2383,84d4
2384,h41m324
2385,9074
2386,m00
2387,m4y
2388,14ym324
2389,1und.21
2390,ch005m324.1
2391,1un91
2392,m3.5
2393,h4v45
2394,k1.93
2395,449
2396,1491
2397,h41m324.1
2398,muhm3
2399,13m324
2400,mum3
2401,13m323
2402,chuu5.2
2403,m420m323
2404,fud1
2405,kh4.3
2406,13ym323
2407,p455
2408,n113
2409,24n9
2410,k3.186
2411,93nd
2412,h41m321
2413,94nd.4
2414,k4.112
2415,8441m321
2416,94nd.5
2417,k4.113
2418,kh47m41m321
2419,9h4nd
2420,k4.114
2421,8441m321.1
2422,1und.22
2423,ch005m321.2
2424,1undh
2425,ch005m0m3
2426,k4.115
2427,p451n4
2428,ch47m00
2429,m4y.1
2430,14y
2431,m324m007m007h
2432,m42n4m007n4mu
2433,c
2434,w4413mujh3
2435,44p
2436,k1.94
2437,chu7.20
2438,ch4h1y3mujh3
2439,44p.1
2440,k0.32
2441,ch0dn4
2442,h41mujh3
2443,44p.2
2444,k0.33
2445,7h0kn4
2446,h41mujh3.1
2447,ch0dn3
2448,k1.95
2449,8hukh
2450,h41mujh3.2
2451,chu7.21
2452,ch4h1y3mujh3.1
2453,chu7.22
2454,m42n1
2455,h41mujh3.3
2456,k0.34
2457,ch0dn4.1
2458,h41mujh3.4
2459,7umh3
2460,ch0dn4mujh3
2461,7umh3.1
2462,7h0kn4mujh3
2463,u5k0
2464,ch0dn4.2
2465,h41mu742mu7h
2466,m442mu7h.1
2467,m42mu7h.1
2468,m42n4mu77h
2469,m42n4mu77h41n4.1
2470,ch007.12
2471,n4.10
2472,ch00ch3
2473,n4kh23.2
2474,n002.2
2475,j4h4n.2
2476,k3n4411
2477,k4.116
2478,k33d4n4j4y42n4j4y42
2479,p41d415hp44941
2480,ch0d4p44941ch0d4p421ch0dph47313
2481,n120dh.6
2482,k3.187
2483,n471j3phudd1p19
2484,k1.96
2485,74771p1113244nd244nd
2486,c0dh4244nd
2487,k4.117
2488,j4m41244nd.1
2489,k4.118
2490,p471244nd
2491,wh023244nd1
2492,844j3224kh41124nd24nd
2493,ch0d24nd
2494,k1.97
2495,m00724nd4w424ndhw424nd124nd1
2496,84j24nd1
2497,ch0d24nd1
2498,k4.119
2499,84chch424nd1
2500,k4.120
2501,ch0d424nd1
2502,k4.121
2503,142k424nd1
2504,k3.188
2505,844124nd1
2506,k3.189
2507,84cch324nd1
2508,k3.190
2509,833j24nd1
2510,k3.191
2511,d414124nd1
2512,k3.192
2513,jh44n7.3
2514,k3.193
2515,70073
2516,hu3.3
2517,844124nd1.1
2518,k1.98
2519,4u144d24nd1
2520,k1.99
2521,4u14d24nd1
2522,k1.100
2523,chu724ndu4424ndw424ndw32u8832
2524,8h05d42und332und12und1.1
2525,4pn1.4
2526,chu7.23
2527,13k4.1
2528,4n42und1.1
2529,k4.122
2530,84ch42und1.3
2531,k3.194
2532,74771.4
2533,p3.15
2534,8147hn3.2
2535,w414.2
2536,m4kh12und1
2537,kh4n42und1.1
2538,k1.101
2539,84ch12und1.1
2540,k1.102
2541,74771.5
2542,p3.16
2543,8417hn3
2544,w4411
2545,m4kkh12und1.2
2546,k1.103
2547,74771.6
2548,p3.17
2549,8417hn3w4411.2
2550,m4kkh12und1.3
2551,k0.35
2552,ch0d2und1.2
2553,k0.36
2554,ch0ud2und1
2555,k0.37
2556,ch0wd5441454414.1
2557,8371ch0d54414
2558,ku7745441354411
2559,ku771548
2560,k4.123
2561,1und.23
2562,7321.20
2563,m4.34
2564,k1.104
2565,chu7.24
2566,m31n54d1
2567,hu1.3
2568,944nd54d1
2569,hu1.4
2570,94nd54145414
2571,ku774454135411
2572,ku745411.1
2573,ku771542d42
2574,fud4
2575,51n9h5341
2576,8und53ww32
2577,k1.105
2578,84ch15h41150042500v32500w32
2579,k1.106
2580,84ch15u425u42
2581,k1.107
2582,747715u57
2583,1und.24
2584,k1.108
2585,p4d415h5uv42
2586,ch0d5uw42
2587,k1.109
2588,4u14d5uww425uww42
2589,k4.124
2590,84chch45uww42.1
2591,k3.195
2592,1und5uww42.1
2593,k1.110
2594,84chch15uww421y45uy42
2595,k3.196
2596,844ch074773
2597,m4541n474771
2598,74773
2599,m4541n4731
2600,m44.41
2601,k1.111
2602,944nd.20
2603,m3.6
2604,8h17324
2605,844p.8
2606,k1.112
2607,chu7.25
2608,4u2.9
2609,m44.42
2610,k3.197
2611,14ud37323
2612,4dh4.2
2613,n120dh.7
2614,m31n.36
2615,24h.2
2616,94y47323
2617,844p.9
2618,k1.113
2619,chu7.26
2620,m41.8
2621,7321.21
2622,m44.43
2623,k4.125
2624,14nd7323
2625,844p.10
2626,k1.114
2627,944nd.21
2628,7321.22
2629,chu73
2630,m41.9
2631,chu91337323
2632,944nd.22
2633,m31n.37
2634,k33d3.2
2635,p4d4y7323
2636,m44.44
2637,k4.126
2638,8u27323
2639,m44.45
2640,k0.38
2641,54u.4
2642,ku773.2
2643,ch0d3.2
2644,54u.5
2645,w4.2
2646,7324.11
2647,844p!7323
2648,m44.46
2649,k0.39
2650,54u.6
2651,ku773.3
2652,ch0d3.3
2653,4��
2654,54u.7
2655,w4.3
2656,7324.12
2657,844p7323
2658,m41.10
2659,k1.115
2660,chu7.27
2661,844p.11
2662,7321.23
2663,m44.47
2664,k4.127
2665,14nd7323y
2666,844d.2
2667,d1.8
2668,944nd.23
2669,w1ch.2
2670,d4nd4.2
2671,9hu554.4
2672,k32.4
2673,24kh.4
2674,dhun917323y
2675,844d.3
2676,d1.9
2677,944nd.24
2678,w1ch.3
2679,dh4nd4
2680,9u554
2681,k32.5
2682,24kdhun917321
2683,83h3n.6
2684,k4.128
2685,8h05d4.1
2686,f44du7321
2687,83h3n.7
2688,k4.129
2689,14ud4
2690,2u8832.2
2691,k47321
2692,83h3n.8
2693,k4.130
2694,14und4.2
2695,2u8832.3
2696,k47321.1
2697,83h3n.9
2698,k4.131
2699,14vd4
2700,2u8832.4
2701,k47321.2
2702,8h3n.2
2703,k1.116
2704,944nd.25
2705,m3.7
2706,un911
2707,k42un947321
2708,8h0521.2
2709,m31n.38
2710,4497321
2711,81w1k0
2712,7321.24
2713,544mn3.2
2714,ch0dhun947321.2
2715,81w1k0.1
2716,7h321
2717,544mn3.3
2718,ch0dhun947321.3
2719,944nd.26
2720,m41n.14
2721,ku73.2
2722,k4.132
2723,1und7321.4
2724,944nd.27
2725,m3.8
2726,d4nd47321
2727,944nd.28
2728,m31n.39
2729,h447h1.2
2730,k4.133
2731,1und7321.5
2732,94nd.6
2733,m41.11
2734,9h4dh3
2735,k4.134
2736,1und7321.6
2737,94nd.7
2738,m31n.40
2739,h447h1.3
2740,k4.135
2741,1und7321.7
2742,jh4n73n.2
2743,k447.2
2744,k42.5
2745,7323.6
2746,m00h.2
2747,p42.2
2748,1494.2
2749,k42.6
2750,unk1.2
2751,f23nch.2
2752,8342d.2
2753,84n4.2
2754,d00n947321
2755,m4.35
2756,ch4dh4
2757,k4.136
2758,1und.25
2759,ch0057321
2760,m4.36
2761,94dh4.2
2762,k4.137
2763,1und.26
2764,ch0057321.1
2765,m4.37
2766,94nd1.3
2767,2und17321.2
2768,m4.38
2769,k1.117
2770,8udh.2
2771,m31n.41
2772,ch442p41.2
2773,81chh4k3.2
2774,7321.25
2775,84h3n.5
2776,k0.40
2777,ch0dun7321
2778,m4.39
2779,k1.118
2780,8und
2781,m31n.42
2782,ch442p41.3
2783,81chh4k3.3
2784,7321.26
2785,8h3n.3
2786,k0.41
2787,ch0dun7321.1
2788,m4.40
2789,k1.119
2790,ch007.13
2791,m3.9
2792,h47h1.3
2793,k4.138
2794,dum7321.2
2795,m4.41
2796,k1.120
2797,chu7.28
2798,m41.12
2799,548k4.2
2800,1und7321.8
2801,m4.42
2802,k0.42
2803,ku774.1
2804,ch0d37321
2805,m44.48
2806,k47321.3
2807,m44.49
2808,k4.139
2809,8h05d47321.2
2810,m44.50
2811,k4.140
2812,8h05247321
2813,m44.51
2814,k4.141
2815,8084.1
2816,chu5u7321.1
2817,m44.52
2818,k3.198
2819,848137321
2820,m44.53
2821,k3.199
2822,8h054d3
2823,k3.200
2824,84417321
2825,m44.54
2826,k3.201
2827,8083
2828,kh4.4
2829,j4un94.2
2830,8h05d1
2831,k37321
2832,m44.55
2833,k1.121
2834,81m442.2
2835,84d800d42.2
2836,ch0077321.2
2837,m44.56
2838,k1.122
2839,ch0077321.3
2840,m44.57
2841,k1.123
2842,ch007.14
2843,m3.10
2844,h47h1.4
2845,k4.142
2846,dum7321.3
2847,m44.58
2848,k1.124
2849,ch007.15
2850,m3.11
2851,ku773.4
2852,k4.143
2853,14vd47321
2854,m44.59
2855,k1.125
2856,chu77321
2857,m44.60
2858,k1.126
2859,chu7.29
2860,m41.13
2861,548k4.3
2862,1und7321.9
2863,m44.61
2864,k1.127
2865,chu7.30
2866,m31n.43
2867,ch4721.2
2868,13k3.2
2869,9hu5.2
2870,j4un94.3
2871,4u2.10
2872,kh01.2
2873,dun947321
2874,m44.62
2875,k1.128
2876,chu737321
2877,m44.63
2878,k1.129
2879,944nd.29
2880,k1.130
2881,8441.6
2882,m31n.44
2883,j4144y.2
2884,hu37321
2885,m44.64
2886,k1.131
2887,944nd.30
2888,k1.132
2889,8441.7
2890,m31n.45
2891,j4144y.3
2892,hu3.4
2893,m4423y.2
2894,hu3.5
2895,chupk111
2896,k1.133
2897,und4y7321
2898,m44.65
2899,k1.134
2900,m4421
2901,ch0077321.4
2902,m44.66
2903,k1.135
2904,phud1.2
2905,9uy.2
2906,k1.136
2907,h417321.2
2908,m44.67
2909,k1.137
2910,5ukh1
2911,8h057321
2912,m44.68
2913,k0.43
2914,ch0dun7321.2
2915,m1.2
2916,d1.10
2917,ku551.2
2918,m3y.2
2919,7324.13
2920,54224.2
2921,kh4nd4n.4
2922,k0.44
2923,99u554
2924,k32.6
2925,24khd0un917321
2926,m1.3
2927,d1.11
2928,ku551.3
2929,m3y.3
2930,7324.14
2931,54224.3
2932,kh4nd4n.5
2933,k0.45
2934,9hu554.5
2935,k32.7
2936,24kh.5
2937,d00n947321.1
2938,phuph1
2939,k1.138
2940,ch007.16
2941,m31n7h42k17h321
2942,81w1.2
2943,k0.46
2944,7323.7
2945,544mn3.4
2946,ch0dhun9470074
2947,hu4.9
2948,1und702.1
2949,m41.14
2950,k3.202
2951,ch0dh07u
2952,7324.15
2953,m44.69
2954,k4.144
2955,14ud47um
2956,chu71y4
2957,h0u1100
2958,ch0d4u1100
2959,k4.145
2960,p477h44u11u.1
2961,k3.203
2962,p47h344nd444nd
2963,44ndu84kch0d84147k428c8371
2964,ch0d8h4dv48h4dv38h4ndv38h007n1
2965,k38h054d8h054d1
2966,k38h05d480083ch4kk3ch1n441ch1nk1ch0dch0duch0du
2967,8h4947ch00ch3ch00ch1ch007ch007
2968,k3.204
2969,8441ch00714ch0071y4chuch3chuch1chud41
2970,kh4n44chud4n
2971,chud41chu7chu7
2972,k3.205
2973,8441chu7.2
2974,k3.206
2975,dh4kk4nchu7.5
2976,m44211chu74dchu74ddchu74nchu714chu71y4944nd944ndf47944ndm4571944nduf4d94ndu945h71945719h45549h4571h4994h424m1h424m24d3h4w45h4w45
2977,k3.207
2978,puj421h1jd4h1j24jh4n7jh4n7.1
2979,ch447ujh4n7.2
2980,k3.208
2981,8441jh4n7uk4m1n3k4m1n3yk4nj42ku774ku774.1
2982,k4m1n4ku773.1
2983,k1.139
2984,4u14dku773.7
2985,k1.140
2986,j47ku771y410d410du1und1und.1
2987,ch0051und.2
2988,kh4j0021und70p11undu23m44.1
2989,k1.141
2990,chu7m441mcm4d42
2991,ch0dm00h.1
2992,m31n.46
2993,13mu77hn4j4y42n4j4y42.1
2994,4u144dn4j4y42.1
2995,p41d415hp4k1244nd24nd15441454414
2996,ku77454411.3
2997,ku77154411.1
2998,24nd15u425u42.1
2999,k1.142
3000,4u14d74773747717321.1
3001,m44.70
3002,k4.146
3003,8h054d47321.1
3004,m44.71
3005,k4.147
3006,8084.2
3007,chu5u7321.2
3008,m44.72
3009,k1.143
3010,chu77h424k7h42k1m4d2ch0d8hnch0d444nd
3011,m47.3
3012,k4h4
3013,44nd
3014,m47.4
3015,k4h4.1
3016,44nd41
3017,44ndu
3018,44ndup4n4
3019,4814
3020,n4421.2
3021,7324.16
3022,8u813.2
3023,8h4421
3024,4mm4
3025,k1.144
3026,chu7.31
3027,4ndh
3028,4pn4
3029,14nd.4
3030,ch005
3031,4pn4.1
3032,1und.27
3033,ch005.1
3034,4pn4.2
3035,m4.43
3036,k0.47
3037,j4.5
3038,ch005.2
3039,4pn1.5
3040,944nd.31
3041,m31n.47
3042,mu7h1.4
3043,d441.1
3044,4pn1.6
3045,14nd.5
3046,ch005.3
3047,4pn1.7
3048,1und.28
3049,ch005.4
3050,4pn1.8
3051,m4.44
3052,k0.48
3053,j4.6
3054,ch005.5
3055,4541
3056,k4.148
3057,chud4.1
3058,844p.12
3059,k3.209
3060,14vd3
3061,84ck42
3062,ch0du
3063,84ck42ch0du
3064,84ck
3065,ch0d.4
3066,84ckch0d
3067,84d332
3068,84d12
3069,84d12ch4nd
3070,84h3n.6
3071,ch0d.5
3072,84h3n.7
3073,k4.149
3074,10d4
3075,84h3n.8
3076,k3.210
3077,14ud3.1
3078,84h3n.9
3079,k3.211
3080,74kk3
3081,84h3nch0d
3082,84h1nch0d
3083,84hu
3084,ch0d.6
3085,84kch0d
3086,84kch0d.1
3087,81111
3088,84k14nd
3089,84k101
3090,84k1und
3091,84k21
3092,ch0d.7
3093,84k21ch0d
3094,83h3n.10
3095,ch0d.8
3096,83h3n.11
3097,k4.150
3098,14u24
3099,83h3n.12
3100,k3.212
3101,14nd.6
3102,83h3n.13
3103,k3.213
3104,14ud3.2
3105,83h3n.14
3106,k3.214
3107,14wd3
3108,83h3n.15
3109,k3.215
3110,1und.29
3111,83h3n.16
3112,k3.216
3113,74k3
3114,83h3nch0d
3115,83h3nk314ud3
3116,83hnch0d
3117,83nch0d
3118,8371
3119,ch0d.9
3120,8371ch0d
3121,8h44nd
3122,m3.12
3123,j440
3124,8h4dh4v4
3125,8h4dv4
3126,ch0d1k4
3127,8h4dw4
3128,8h4dw3
3129,8h4dw3.1
3130,k4.151
3131,4w147
3132,8h4dw3.2
3133,k1.145
3134,n4541
3135,8h49
3136,8h05d1k3
3137,8h41
3138,chh0d.2
3139,8h4y33.1
3140,ch0d.10
3141,8h41.1
3142,ch0d.11
3143,8h41nch0d
3144,8h415
3145,k3.217
3146,1und.30
3147,8h4nd4v4
3148,8h3n.4
3149,ch0d.12
3150,8h3n.5
3151,k3.218
3152,14ud3.3
3153,8h3n.6
3154,k3.219
3155,10d3.1
3156,8h3n.7
3157,k3.220
3158,10d3.2
3159,m44.73
3160,chud4.2
3161,8h3n.8
3162,k3.221
3163,74kk3.1
3164,8h3n.9
3165,k1.146
3166,ch007.17
3167,8h3nch0
3168,8h3nch0d
3169,8h0dh51k3
3170,8h0n521w44144
3171,8h007n33
3172,k4.152
3173,8h007n1k
3174,8h054d
3175,ch0d.13
3176,8h054d.1
3177,244nd.1
3178,8h054dch0d
3179,8h054d1
3180,k.5
3181,8h054d1.1
3182,k3.222
3183,8h054d1k3
3184,8h054d1w414
3185,8h05d4.2
3186,8h05d44
3187,8h05d33
3188,k4y.3
3189,8h05d1.1
3190,8h05d1.2
3191,k.6
3192,8h05d1.3
3193,k4.153
3194,8h05d1.4
3195,k414m
3196,8h05d1.5
3197,k3.223
3198,8h05d1.6
3199,w414.3
3200,8h05d1.7
3201,w413
3202,8h05d1k
3203,8h05d1k4
3204,8h05d1k3.1
3205,8h05d1v4413
3206,8h05d1w414
3207,8h05d1w413
3208,8hund1
3209,80k4ch0d4
3210,801
3211,7321.27
3212,94nd.8
3213,k4153.2
3214,m42u
3215,800814y
3216,8002
3217,85dk
3218,8uddh4
3219,kh00547
3220,8uh74hn33
3221,k4.154
3222,8u113
3223,k3.224
3224,8441.8
3225,8umch0d
3226,8und.1
3227,8und.2
3228,m4244.2
3229,13.1
3230,8u2
3231,8u2.1
3232,k4.155
3233,ch0d4.1
3234,8u2.2
3235,k1.147
3236,ch474n1
3237,8u22
3238,8u22.1
3239,k3.225
3240,8441.9
3241,8u25un9h4
3242,c4m1n4
3243,ch4.1
3244,ch4.2
3245,ch0d.14
3246,ch4chund32
3247,k1.148
3248,4u14d
3249,chh014
3250,phud4kn4
3251,chhu7
3252,k4.156
3253,8441.10
3254,ch1n441
3255,ch1n441.1
3256,k3.226
3257,94dd3.4
3258,k3.227
3259,n1pp13.4
3260,k3.228
3261,8441.11
3262,k3.229
3263,j00n
3264,ch1n41
3265,ch1pk41
3266,k1.149
3267,ch007.18
3268,k3.230
3269,p4533n3
3270,ch1pk411
3271,k3.231
3272,chu7.32
3273,k3.232
3274,p451n3.3
3275,ch1pk411.1
3276,k3.233
3277,944nd.32
3278,k3.234
3279,p451n3.4
3280,ch1pk411.2
3281,k3.235
3282,jh447.6
3283,k3.236
3284,8441.12
3285,ch1pk411.3
3286,k3.237
3287,jh447.7
3288,k3.238
3289,p4533n3.1
3290,ch1pk411.4
3291,k1.150
3292,8h191.2
3293,chu7.33
3294,ch1ppk411
3295,k3.239
3296,jh44n7.4
3297,k3.240
3298,p4533n3.2
3299,ch0d.15
3300,k3.241
3301,841.3
3302,k4.157
3303,k1d4
3304,ch0d314
3305,ch0du.1
3306,8h4947
3307,ch00ch3.1
3308,ch00ch1
3309,ch00ch11
3310,ch00d
3311,ch00d451
3312,ch00dp4941
3313,ch00h3
3314,k1.151
3315,m007
3316,ch007.19
3317,k.7
3318,8h007.1
3319,ch007.20
3320,k.8
3321,p4k0d3
3322,ch007.21
3323,k4.158
3324,8441.13
3325,ch007.22
3326,k4.159
3327,p44n1
3328,ch007.23
3329,k4.160
3330,p155u
3331,ch007.24
3332,k3.242
3333,8h007.2
3334,ch007.25
3335,k3.243
3336,8h007.3
3337,v491n41.1
3338,9h057
3339,ch007.26
3340,k1.152
3341,jh1111
3342,ch007.27
3343,m424n1.3
3344,k4.161
3345,ch0074d
3346,ch0074dch0d
3347,ch00714
3348,ch0071y4
3349,ch0071y4p4n71
3350,ch0p23
3351,h3.1
3352,24nd1
3353,chud441
3354,chud441.1
3355,kh44n4
3356,chud441.2
3357,kh44n1
3358,chud41
3359,kh4n4
3360,chud411
3361,chud4n
3362,chud41.1
3363,chud453
3364,chud451
3365,chud3
3366,chud1.2
3367,chudp4941
3368,chudw4n4
3369,chu11
3370,u7hn4
3371,chu11u
3372,8h42.3
3373,mu7h.3
3374,m31n.48
3375,d008.3
3376,m42.4
3377,chup
3378,k3.244
3379,chu7.34
3380,h41.7
3381,chu5n4w414
3382,chu5n4w411
3383,chu7.35
3384,chu7.36
3385,k.9
3386,dh32
3387,chu7.37
3388,k4.162
3389,8h007.4
3390,chu7.38
3391,k4.163
3392,m41nd4k
3393,chu7.39
3394,k4.164
3395,n41
3396,chu7.40
3397,k4.165
3398,puj421
3399,chu7.41
3400,k420
3401,chu7.42
3402,k3.245
3403,8441.14
3404,chu7.43
3405,k3.246
3406,dh4kk4n
3407,chu7.44
3408,k3.247
3409,9u14m
3410,chu7.45
3411,k3.248
3412,m4kkh4n
3413,chu7.46
3414,k3.249
3415,p4k0d3.1
3416,chu7.47
3417,k3.250
3418,p451n3.5
3419,m31n.49
3420,7414y.3
3421,huy3.3
3422,8h4j1y3
3423,chu7.48
3424,khuj44n3.1
3425,v4411
3426,chu7.49
3427,k1.153
3428,4ndh1
3429,chu7.50
3430,k1.154
3431,py451
3432,chu7.51
3433,m421.3
3434,k3.251
3435,chu7.52
3436,m421k3
3437,chu7.53
3438,53.10
3439,147k4.1
3440,hu4.10
3441,14ud3.4
3442,k4.166
3443,m007.1
3444,chu74n
3445,chu73.1
3446,chu714
3447,chu71y4.1
3448,chu71y4.2
3449,ch00714.1
3450,chu71y4.3
3451,k4.167
3452,8h3j4.1
3453,9h45.1
3454,kh4n3.1
3455,94y4.1
3456,h41.8
3457,chu71y4h
3458,chu71y3
3459,chu774d
3460,chu774d.1
3461,ch0d.16
3462,cun7m4m4
3463,cu71k47
3464,1und.31
3465,d4111
3466,dh33
3467,ch0d.17
3468,dh33.1
3469,k4.168
3470,1und.32
3471,dh3314
3472,1und.33
3473,dh3311
3474,ch007.28
3475,dh311
3476,chu7.54
3477,d0914
3478,f474y
3479,hu4y.4
3480,1und70p1.4
3481,k4.169
3482,f474y.1
3483,hu4y.5
3484,1und70p1.5
3485,k4.170
3486,235u17
3487,f473
3488,c0nd0m.5
3489,k4.171
3490,n471j3
3491,f473y
3492,c0nd0m.6
3493,k4y.4
3494,n471j3.1
3495,fudd1.1
3496,fud11
3497,k.10
3498,944nd.33
3499,944nd.34
3500,ch447.1
3501,m324.5
3502,944nd.35
3503,944nd.36
3504,944nd.37
3505,k.11
3506,8441.15
3507,944nd.38
3508,k4.172
3509,8441.16
3510,944nd.39
3511,k4.173
3512,kh4dd4
3513,944nd.40
3514,k4.174
3515,m4kh4n
3516,944nd.41
3517,k4.175
3518,p1114
3519,944nd.42
3520,k3.252
3521,dh4k4n
3522,944nd.43
3523,k1.155
3524,4u144d
3525,944nd.44
3526,m442.4
3527,8h3n.10
3528,ch0d.18
3529,944nd.45
3530,m442n4.1
3531,944nd.46
3532,m41n.15
3533,d4nd4.3
3534,944nd.47
3535,m41n.16
3536,k3324
3537,944nd.48
3538,m41n.17
3539,14554n
3540,944nd.49
3541,m424
3542,944nd.50
3543,m424u
3544,944nd.51
3545,m42n4
3546,944nd.52
3547,m31n.50
3548,84m8u
3549,944nd.53
3550,m31n.51
3551,k1d4.1
3552,944ndf47
3553,944ndk473
3554,ku773.5
3555,944ndm4571
3556,944ndu
3557,94dh4.3
3558,94nd.9
3559,m31n.52
3560,d4nd4.4
3561,94nd.10
3562,m31n.53
3563,10ud4
3564,94nd1.4
3565,chu7.55
3566,m31n.54
3567,54d74.1
3568,hu4.11
3569,94nd4.1
3570,k1d4.2
3571,94nd1.5
3572,fudd1.2
3573,k1.156
3574,94nd1.6
3575,4u14dd
3576,94ndk473
3577,ku773.6
3578,94ndm423
3579,94ndm4571
3580,94ndu
3581,94ndu.1
3582,54414
3583,94ndu3
3584,945h71
3585,945733
3586,94571
3587,9h4554d
3588,9h4571
3589,9h31ch0d14
3590,9h0nd00
3591,9073
3592,9073.1
3593,k17n3.1
3594,8h1.1
3595,84d3.1
3596,h0.2
3597,1und.34
3598,k3.253
3599,n1ch3.1
3600,h1.1
3601,23h73.1
3602,h41.9
3603,9071
3604,muh.2
3605,m31n.55
3606,h41.10
3607,9undm4244
3608,9undm421
3609,h4m421
3610,13.2
3611,24h3.1
3612,h41.11
3613,h4244m
3614,k4.176
3615,chud4.3
3616,h4244m.1
3617,k1.157
3618,chud1.3
3619,h4244m.2
3620,244d4
3621,h4244m1
3622,h4244mj44d4
3623,h4244mj44d1
3624,h4244mkh02
3625,h424m
3626,244d44
3627,h424m1
3628,h424m1.1
3629,k3.254
3630,p1113
3631,h424mkh02
3632,h424m244d4
3633,h424m24d3
3634,h4242y44d4
3635,h4v45.1
3636,h42442
3637,1und.35
3638,7321.28
3639,944nd.54
3640,m41n.18
3641,h1jd44
3642,h1jd3
3643,h1j24
3644,h24m1
3645,hu9n4
3646,hu9n44
3647,j48
3648,7u.4
3649,p41d4.4
3650,hu4.12
3651,7h0.1
3652,4493y.4
3653,53.11
3654,y4.4
3655,p33ch3y.4
3656,53.12
3657,n1k14.4
3658,7h4.7
3659,chu71y4.4
3660,j48.1
3661,7u.5
3662,p41d4.5
3663,hu4.13
3664,70w.3
3665,4493y.5
3666,53.13
3667,y4.5
3668,p33ch3y.5
3669,53.14
3670,n1k14.5
3671,7h4.8
3672,chu71y4.5
3673,j4n4m
3674,j414
3675,j4n4m.1
3676,j411
3677,j4nuw42
3678,j4nw42
3679,jh44n7.5
3680,jh44n7.6
3681,k4.177
3682,8441.17
3683,jh44n7.7
3684,k3.255
3685,jh47u23
3686,jh44n7.8
3687,k3.256
3688,p155u.1
3689,jh44n7.9
3690,ukh44dn4
3691,jh447.8
3692,jh447.9
3693,ch447u
3694,jh447.10
3695,k4.178
3696,8h44j1
3697,jh447.11
3698,k3.257
3699,8441.18
3700,jh44700n
3701,54414.1
3702,jh447u
3703,jh4ndu
3704,jh4n7
3705,ch447u.1
3706,jh4n7.1
3707,k3.258
3708,8441.19
3709,jh47
3710,k3.259
3711,8441.20
3712,jh47.1
3713,14h3294y4
3714,jh4700
3715,jhund
3716,j00
3717,k3.260
3718,h4993
3719,k4414
3720,1und.36
3721,k4411
3722,ku771
3723,k4d4k.2
3724,m441.2
3725,k4h3
3726,k0.49
3727,kh4.5
3728,24h4.3
3729,h41.12
3730,chu7.56
3731,k1.158
3732,ch4p471.3
3733,4u2.11
3734,1und.37
3735,k4.179
3736,83j4?
3737,k411
3738,ch007.29
3739,k3.261
3740,54f41d.6
3741,jh447.12
3742,k411.1
3743,chu7.57
3744,k4.180
3745,54f41d.7
3746,jh447.13
3747,k4m1n4
3748,k4m1n3
3749,k4m1n33
3750,k4m1n3y
3751,k4714
3752,kh4d3
3753,1und.38
3754,p3.18
3755,dh0k4
3756,kh45m4nu
3757,kh44n1.1
3758,kh074
3759,kh073y
3760,k1.159
3761,4u14d.1
3762,kh073y.1
3763,k1.160
3764,4u1d4
3765,khujju
3766,k1pd
3767,kuk42ch0d
3768,ku7chud1
3769,ku7h4
3770,ku7h4.1
3771,5414
3772,ku7h1
3773,ku7h21
3774,ku7h74
3775,8u244n4h3.1
3776,k4nd44.1
3777,n4h1.1
3778,p47744h3
3779,ku71y4
3780,ku71y4.1
3781,k3.262
3782,p1113y
3783,ku71y44
3784,ku774.2
3785,ku773.7
3786,ku773.8
3787,k4.181
3788,4u14d.2
3789,ku773.9
3790,k4.182
3791,4w147.1
3792,ku773.10
3793,k4.183
3794,84chh4
3795,ku773.11
3796,k4.184
3797,833j
3798,ku773.12
3799,k4.185
3800,1und.39
3801,ku773.13
3802,k3.263
3803,4u144d.1
3804,ku773.14
3805,k3.264
3806,p1113y.1
3807,ku773.15
3808,k3.265
3809,p007
3810,ku773.16
3811,k3.266
3812,74773.1
3813,ku773.17
3814,k1.161
3815,4u14d.3
3816,ku773.18
3817,k1.162
3818,j47
3819,ku773.19
3820,k1.163
3821,014d
3822,ku771.1
3823,ku771y4
3824,ky4
3825,k4d4k.3
3826,h41.13
3827,y3
3828,ky4.1
3829,m441.3
3830,h41.14
3831,y3.1
3832,14dk1ch0d
3833,14nd.7
3834,k4.186
3835,8h3j4.2
3836,14nd417
3837,14ndu3
3838,14ndu23
3839,14ud4.1
3840,14ud4p
3841,14ud3.5
3842,14ud3.6
3843,k3.267
3844,8441.21
3845,14ud3.7
3846,5413
3847,14vd4.1
3848,14vd3.1
3849,14vd3.2
3850,k4.187
3851,8441.22
3852,14vd3.3
3853,k3.268
3854,8441.23
3855,14vd3.4
3856,k3.269
3857,841.4
3858,14wd4
3859,14wd3.1
3860,10
3861,m324.6
3862,1und.40
3863,4np1.3
3864,83h3n.17
3865,k0.50
3866,d3.4
3867,d0.2
3868,4942.4
3869,khud.4
3870,n4.11
3871,ch0d.19
3872,p4y4
3873,10.1
3874,m324.7
3875,1und.41
3876,4pn1.9
3877,83h3n.18
3878,k0.51
3879,d3.5
3880,d0.3
3881,4942.5
3882,khud.5
3883,n4.12
3884,ch0d.20
3885,p4y4.1
3886,10d4.1
3887,10d3.3
3888,j351.1
3889,5h4k41.2
3890,k3.270
3891,10d3.4
3892,k3.271
3893,8441.24
3894,10d3y
3895,j4153.1
3896,5h4k41.3
3897,7321.29
3898,10du
3899,10duu
3900,10nd1y4ch0d
3901,10wd3
3902,k4.188
3903,841.5
3904,1und.42
3905,1und.43
3906,ch005u
3907,1und.44
3908,chu5
3909,1und.45
3910,chu53
3911,1und.46
3912,f4k332
3913,1und.47
3914,f4k12
3915,1und.48
3916,f3kh.1
3917,k3.272
3918,m4200n94.1
3919,70h.1
3920,7324.17
3921,p0024.1
3922,kh4nd4n.6
3923,chud.2
3924,j4y394.1
3925,chu7m421k3
3926,1und.49
3927,k.12
3928,14ddu
3929,1und.50
3930,k4.189
3931,8441.25
3932,1und.51
3933,k4.190
3934,8h3j4.3
3935,1und.52
3936,k4.191
3937,5h0284
3938,1und.53
3939,k3.273
3940,p451n3.6
3941,1und.54
3942,kh4j002
3943,1und.55
3944,1uhnd
3945,1und.56
3946,m324.8
3947,muh.3
3948,7324.18
3949,1und.57
3950,p3.19
3951,ch4d.4
3952,j4.7
3953,1und.58
3954,p3.20
3955,7h4nd.4
3956,h41.15
3957,1und.59
3958,ph3k.1
3959,k3.274
3960,m423n93.1
3961,kh4nd4n.7
3962,chud.3
3963,j4y394.2
3964,1undf4k12
3965,1und005
3966,m4.45
3967,chud1.4
3968,m44.74
3969,chud44
3970,m44.75
3971,k4.192
3972,14ud4.2
3973,m44.76
3974,k3.275
3975,84813
3976,m44.77
3977,k3.276
3978,8h4dv3
3979,m44.78
3980,k3.277
3981,8h4dw3.3
3982,m44.79
3983,k3.278
3984,14ud3.8
3985,m44.80
3986,k1.164
3987,44nkh
3988,m44.81
3989,k1.165
3990,ch007.30
3991,m44.82
3992,k1.166
3993,chu7.58
3994,m44ch0
3995,m44ch0d
3996,m44ch0dh
3997,m44d42
3998,ch0wd
3999,m44d42ch0d
4000,m44dh32
4001,ch0d.21
4002,m44k314ud3
4003,m441.4
4004,m441.5
4005,chh0dn4
4006,m4423y.3
4007,hu3.6
4008,ch1pk111.3
4009,k1.167
4010,und4y
4011,m4ch0d
4012,m4ch0dh
4013,m4d42
4014,ch0d.22
4015,m4d42.1
4016,j447
4017,m4d42ch0d
4018,m4d42ch0d.1
4019,k3.279
4020,4u144d.2
4021,m4d42ch0dh
4022,m4d42j47
4023,m4d32
4024,ch0d.23
4025,m4dh42ch0d
4026,m4h4
4027,944ndu.1
4028,m4hd32
4029,ch0d.24
4030,m4hd32ch0d
4031,m41.15
4032,ch0d.25
4033,m41ch0d
4034,m4mm3
4035,m4mm3y
4036,mumm4y3
4037,m4n94ch1n4mun
4038,m457
4039,m441.6
4040,mc
4041,m31n.56
4042,7321.30
4043,m44.83
4044,k0.52
4045,11y4.3
4046,7h4.9
4047,u5k1.3
4048,5uh449.3
4049,2447.3
4050,p31
4051,m31n.57
4052,7321.31
4053,m44.84
4054,k0.53
4055,7321.32
4056,84h3n.10
4057,k1.168
4058,ch007.31
4059,m31n.58
4060,ch0d00n94.4
4061,4u2.12
4062,7324.19
4063,844p.13
4064,141732n.4
4065,13k42.4
4066,44y394
4067,m31n.59
4068,7321.33
4069,m44.85
4070,k0.54
4071,7321.34
4072,8h3n.11
4073,k1.169
4074,ch007.32
4075,m31n.60
4076,ch0d00n94.5
4077,4u2.13
4078,7324.20
4079,844p.14
4080,141732n.5
4081,13k42.5
4082,44y394.1
4083,m324.9
4084,chunn1.3
4085,ch005.6
4086,m324.10
4087,94nn4.1
4088,m323.1
4089,d11.1
4090,53.15
4091,84d4.1
4092,h41.16
4093,m324.11
4094,9074.1
4095,m00.1
4096,m4y.2
4097,14y.1
4098,m324.12
4099,1und.60
4100,ch005.7
4101,m324.13
4102,1un91.1
4103,m3.13
4104,h4v45.2
4105,k1.170
4106,449.1
4107,1491.1
4108,h41.17
4109,m324.14
4110,muhm3.1
4111,13.3
4112,m324.15
4113,mum3.1
4114,13.4
4115,m323.2
4116,chuu5.3
4117,m420.3
4118,m323.3
4119,fud1.1
4120,kh4.6
4121,13y
4122,m323.4
4123,p455.1
4124,n113.1
4125,24n9.1
4126,k3.280
4127,93nd.1
4128,h41.18
4129,m321
4130,94nd.11
4131,k4.193
4132,8441.26
4133,m321.1
4134,94nd.12
4135,k4.194
4136,kh47m41
4137,m321.2
4138,9h4nd.1
4139,k4.195
4140,8441.27
4141,m321.3
4142,1und.61
4143,ch005.8
4144,m321.4
4145,1undh.1
4146,ch005.9
4147,m0m3
4148,k4.196
4149,p451n4.1
4150,ch47
4151,m00.2
4152,m4y.3
4153,14y.2
4154,m324.16
4155,m007.2
4156,m007h
4157,m42n4.1
4158,m007n4
4159,mu
4160,c.1
4161,w4413
4162,mujh3
4163,44p.3
4164,k1.171
4165,chu7.59
4166,ch4h1y3
4167,mujh3.1
4168,44p.4
4169,k0.55
4170,ch0dn4.3
4171,h41.19
4172,mujh3.2
4173,44p.5
4174,k0.56
4175,7h0kn4.1
4176,h41.20
4177,mujh3.3
4178,ch0dn3.1
4179,k1.172
4180,8hukh.1
4181,h41.21
4182,mujh3.4
4183,chu7.60
4184,ch4h1y3.1
4185,mujh3.5
4186,chu7.61
4187,m42n1.1
4188,h41.22
4189,mujh3.6
4190,k0.57
4191,ch0dn4.4
4192,h41.23
4193,mujh3.7
4194,7umh3.2
4195,ch0dn4.5
4196,mujh3.8
4197,7umh3.3
4198,7h0kn4.2
4199,mujh3.9
4200,u5k0.1
4201,ch0dn4.6
4202,h41.24
4203,mu742
4204,mu7h.4
4205,m442.5
4206,mu7h.5
4207,m42.5
4208,mu7h.6
4209,m42n4.2
4210,mu77h
4211,m42n4.3
4212,mu77h41
4213,n4.13
4214,ch007.33
4215,n4.14
4216,ch00ch3.2
4217,n4kh23.3
4218,n002.3
4219,j4h4n.3
4220,k3.281
4221,n4411
4222,k4.197
4223,k33d4
4224,n4j4y42
4225,n4j4y42.1
4226,p41d415h
4227,p44941
4228,ch0d4.2
4229,p44941ch0d4
4230,p421ch0d
4231,ph47313
4232,n120dh.8
4233,k3.282
4234,n471j3.2
4235,phudd1
4236,p19
4237,k1.173
4238,74771.7
4239,p1113.1
4240,244nd.2
4241,244nd.3
4242,c0dh4
4243,244nd.4
4244,k4.198
4245,j4m41
4246,244nd.5
4247,k4.199
4248,p471
4249,244nd.6
4250,wh023
4251,244nd1
4252,844j32
4253,24kh411
4254,24nd
4255,24nd.1
4256,ch0d.26
4257,24nd.2
4258,k1.174
4259,m007.3
4260,24nd4w4
4261,24ndhw4
4262,24nd1.1
4263,24nd1.2
4264,84j
4265,24nd1.3
4266,ch0d.27
4267,24nd1.4
4268,k4.200
4269,84chch4
4270,24nd1.5
4271,k4.201
4272,ch0d4.3
4273,24nd1.6
4274,k4.202
4275,142k4
4276,24nd1.7
4277,k3.283
4278,8441.28
4279,24nd1.8
4280,k3.284
4281,84cch3
4282,24nd1.9
4283,k3.285
4284,833j.1
4285,24nd1.10
4286,k3.286
4287,d4141
4288,24nd1.11
4289,k3.287
4290,jh44n7.10
4291,k3.288
4292,70073.1
4293,hu3.7
4294,8441.29
4295,24nd1.12
4296,k1.175
4297,4u144d.3
4298,24nd1.13
4299,k1.176
4300,4u14d.4
4301,24nd1.14
4302,k1.177
4303,chu7.62
4304,24ndu44
4305,24ndw4
4306,24ndw3
4307,2u8832.5
4308,8h05d4.3
4309,2und33
4310,2und1
4311,2und1.1
4312,4pn1.10
4313,chu7.63
4314,13k4.2
4315,4n4
4316,2und1.2
4317,k4.203
4318,84ch4
4319,2und1.3
4320,k3.289
4321,74771.8
4322,p3.21
4323,8147hn3.3
4324,w414.4
4325,m4kh1
4326,2und1.4
4327,kh4n4.1
4328,2und1.5
4329,k1.178
4330,84ch1
4331,2und1.6
4332,k1.179
4333,74771.9
4334,p3.22
4335,8417hn3.1
4336,w4411.1
4337,m4kkh1
4338,2und1.7
4339,k1.180
4340,74771.10
4341,p3.23
4342,8417hn3w4411.3
4343,m4kkh1.1
4344,2und1.8
4345,k0.58
4346,ch0d.28
4347,2und1.9
4348,k0.59
4349,ch0ud
4350,2und1.10
4351,k0.60
4352,ch0wd.1
4353,54414.2
4354,54414.3
4355,8371ch0d.1
4356,54414.4
4357,ku774.3
4358,54413
4359,54411
4360,ku771.2
4361,548
4362,k4.204
4363,1und.62
4364,7321.35
4365,m4.46
4366,k1.181
4367,chu7.64
4368,m31n.61
4369,54d1
4370,hu1.5
4371,944nd.55
4372,54d1.1
4373,hu1.6
4374,94nd.13
4375,5414.1
4376,5414.2
4377,ku7744
4378,5413.1
4379,5411
4380,ku74
4381,5411.1
4382,ku771.3
4383,542d42
4384,fud4.1
4385,51n9h
4386,5341
4387,8und.3
4388,53ww32
4389,k1.182
4390,84ch1.1
4391,50042
4392,500v32
4393,500w32
4394,k1.183
4395,84ch1.2
4396,5u42
4397,5u42.1
4398,k1.184
4399,74771.11
4400,5u57
4401,1und.63
4402,k1.185
4403,p4d415h
4404,5uv42
4405,ch0d.29
4406,5uw42
4407,k1.186
4408,4u14d.5
4409,5uww42
4410,5uww42.1
4411,k4.205
4412,84chch4.1
4413,5uww42.2
4414,k3.290
4415,1und.64
4416,5uww42.3
4417,k1.187
4418,84chch1
4419,5uww421y4
4420,5uy42
4421,k3.291
4422,844ch0
4423,74773.2
4424,m4541n4
4425,74771.12
4426,74773.3
4427,m4541n4.1
4428,731
4429,m44.86
4430,k1.188
4431,944nd.56
4432,m3.14
4433,8h1.2
4434,7324.21
4435,844p.15
4436,k1.189
4437,chu7.65
4438,4u2.14
4439,m44.87
4440,k3.292
4441,14ud3.9
4442,7323.8
4443,4dh4.3
4444,n120dh.9
4445,m31n.62
4446,24h.3
4447,94y4.2
4448,7323.9
4449,844p.16
4450,k1.190
4451,chu7.66
4452,m41.16
4453,7321.36
4454,m44.88
4455,k4.206
4456,14nd.8
4457,7323.10
4458,844p.17
4459,k1.191
4460,944nd.57
4461,7321.37
4462,chu73.2
4463,m41.17
4464,chu9133
4465,7323.11
4466,944nd.58
4467,m31n.63
4468,k33d3.3
4469,p4d4y
4470,7323.12
4471,m44.89
4472,k4.207
4473,8u2.3
4474,7323.13
4475,m44.90
4476,k0.61
4477,54u.8
4478,ku773.20
4479,ch0d3.4
4480,54u.9
4481,w4.4
4482,7324.22
4483,844p!
4484,7323.14
4485,m44.91
4486,k0.62
4487,54u.10
4488,ku773.21
4489,ch0d3.5
4490,ñ
4491,54u.11
4492,w4.5
4493,7324.23
4494,844p.18
4495,7323.15
4496,m41.18
4497,k1.192
4498,chu7.67
4499,844p.19
4500,7321.38
4501,m44.92
4502,k4.208
4503,14nd.9
4504,7323y
4505,844d.4
4506,d1.12
4507,944nd.59
4508,w1ch.4
4509,d4nd4.5
4510,9hu554.6
4511,k32.8
4512,24kh.6
4513,dhun91
4514,7323y.1
4515,844d.5
4516,d1.13
4517,944nd.60
4518,w1ch.5
4519,dh4nd4.1
4520,9u554.1
4521,k32.9
4522,24kdhun91
4523,7321.39
4524,83h3n.19
4525,k4.209
4526,8h05d4.4
4527,f44du
4528,7321.40
4529,83h3n.20
4530,k4.210
4531,14ud4.3
4532,2u8832.6
4533,k4.211
4534,7321.41
4535,83h3n.21
4536,k4.212
4537,14und4.3
4538,2u8832.7
4539,k4.213
4540,7321.42
4541,83h3n.22
4542,k4.214
4543,14vd4.2
4544,2u8832.8
4545,k4.215
4546,7321.43
4547,8h3n.12
4548,k1.193
4549,944nd.61
4550,m3.15
4551,un911.1
4552,k42un94
4553,7321.44
4554,8h0521.3
4555,m31n.64
4556,449.2
4557,7321.45
4558,81w1k0.2
4559,7321.46
4560,544mn3.5
4561,ch0dhun94
4562,7321.47
4563,81w1k0.3
4564,7h321.1
4565,544mn3.6
4566,ch0dhun94.1
4567,7321.48
4568,944nd.62
4569,m41n.19
4570,ku73.3
4571,k4.216
4572,1und.65
4573,7321.49
4574,944nd.63
4575,m3.16
4576,d4nd4.6
4577,7321.50
4578,944nd.64
4579,m31n.65
4580,h447h1.4
4581,k4.217
4582,1und.66
4583,7321.51
4584,94nd.14
4585,m41.19
4586,9h4dh3.1
4587,k4.218
4588,1und.67
4589,7321.52
4590,94nd.15
4591,m31n.66
4592,h447h1.5
4593,k4.219
4594,1und.68
4595,7321.53
4596,jh4n73n.3
4597,k447.3
4598,k42.7
4599,7323.16
4600,m00h.3
4601,p42.3
4602,1494.3
4603,k42.8
4604,unk1.3
4605,f23nch.3
4606,8342d.3
4607,84n4.3
4608,d00n94
4609,7321.54
4610,m4.47
4611,ch4dh4.1
4612,k4.220
4613,1und.69
4614,ch005.10
4615,7321.55
4616,m4.48
4617,94dh4.4
4618,k4.221
4619,1und.70
4620,ch005.11
4621,7321.56
4622,m4.49
4623,94nd1.7
4624,2und1.11
4625,7321.57
4626,m4.50
4627,k1.194
4628,8udh.3
4629,m31n.67
4630,ch442p41.4
4631,81chh4k3.4
4632,7321.58
4633,84h3n.11
4634,k0.63
4635,ch0dun
4636,7321.59
4637,m4.51
4638,k1.195
4639,8und.4
4640,m31n.68
4641,ch442p41.5
4642,81chh4k3.5
4643,7321.60
4644,8h3n.13
4645,k0.64
4646,ch0dun.1
4647,7321.61
4648,m4.52
4649,k1.196
4650,ch007.34
4651,m3.17
4652,h47h1.5
4653,k4.222
4654,dum
4655,7321.62
4656,m4.53
4657,k1.197
4658,chu7.68
4659,m41.20
4660,548k4.4
4661,1und.71
4662,7321.63
4663,m4.54
4664,k0.65
4665,ku774.4
4666,ch0d3.6
4667,7321.64
4668,m44.93
4669,k4.223
4670,7321.65
4671,m44.94
4672,k4.224
4673,8h05d4.5
4674,7321.66
4675,m44.95
4676,k4.225
4677,8h0524
4678,7321.67
4679,m44.96
4680,k4.226
4681,8084.3
4682,chu5u
4683,7321.68
4684,m44.97
4685,k3.293
4686,84813.1
4687,7321.69
4688,m44.98
4689,k3.294
4690,8h054d3.1
4691,k3.295
4692,8441.30
4693,7321.70
4694,m44.99
4695,k3.296
4696,8083.1
4697,kh4.7
4698,j4un94.4
4699,8h05d1.8
4700,k3.297
4701,7321.71
4702,m44.100
4703,k1.198
4704,81m442.3
4705,84d800d42.3
4706,ch007.35
4707,7321.72
4708,m44.101
4709,k1.199
4710,ch007.36
4711,7321.73
4712,m44.102
4713,k1.200
4714,ch007.37
4715,m3.18
4716,h47h1.6
4717,k4.227
4718,dum.1
4719,7321.74
4720,m44.103
4721,k1.201
4722,ch007.38
4723,m3.19
4724,ku773.22
4725,k4.228
4726,14vd4.3
4727,7321.75
4728,m44.104
4729,k1.202
4730,chu7.69
4731,7321.76
4732,m44.105
4733,k1.203
4734,chu7.70
4735,m41.21
4736,548k4.5
4737,1und.72
4738,7321.77
4739,m44.106
4740,k1.204
4741,chu7.71
4742,m31n.69
4743,ch4721.3
4744,13k3.3
4745,9hu5.3
4746,j4un94.5
4747,4u2.15
4748,kh01.3
4749,dun94
4750,7321.78
4751,m44.107
4752,k1.205
4753,chu73.3
4754,7321.79
4755,m44.108
4756,k1.206
4757,944nd.65
4758,k1.207
4759,8441.31
4760,m31n.70
4761,j4144y.4
4762,hu3.8
4763,7321.80
4764,m44.109
4765,k1.208
4766,944nd.66
4767,k1.209
4768,8441.32
4769,m31n.71
4770,j4144y.5
4771,hu3.9
4772,m4423y.4
4773,hu3.10
4774,chupk111.1
4775,k1.210
4776,und4y.1
4777,7321.81
4778,m44.110
4779,k1.211
4780,m4421.1
4781,ch007.39
4782,7321.82
4783,m44.111
4784,k1.212
4785,phud1.3
4786,9uy.3
4787,k1.213
4788,h41.25
4789,7321.83
4790,m44.112
4791,k1.214
4792,5ukh1.1
4793,8h05
4794,7321.84
4795,m44.113
4796,k0.66
4797,ch0dun.2
4798,7321.85
4799,m1.4
4800,d1.14
4801,ku551.4
4802,m3y.4
4803,7324.24
4804,54224.4
4805,kh4nd4n.8
4806,k0.67
4807,99u554.1
4808,k32.10
4809,24khd0un91
4810,7321.86
4811,m1.5
4812,d1.15
4813,ku551.5
4814,m3y.5
4815,7324.25
4816,54224.5
4817,kh4nd4n.9
4818,k0.68
4819,9hu554.7
4820,k32.11
4821,24kh.7
4822,d00n94.1
4823,7321.87
4824,phuph1.1
4825,k1.215
4826,ch007.40
4827,m31n.72
4828,7h42k1
4829,7h321.2
4830,81w1.3
4831,k0.69
4832,7323.17
4833,544mn3.7
4834,ch0dhun94.2
4835,70074
4836,hu4.14
4837,1und.73
4838,702.2
4839,m41.22
4840,k3.298
4841,ch0dh0
4842,7u.6
4843,7324.26
4844,m44.114
4845,k4.229
4846,14ud4.4
4847,7um
4848,chu71y4.6
4849,h0.3
4850,u1100
4851,ch0d4.4
4852,u1100.1
4853,k4.230
4854,p477h44
4855,u11u
4856,k3.299
4857,p47h383w4251muk11
4858,muchk0ndu
4859,ku7k0muk11
4860,7u7h24nd324nd1
4861,m494n3544k
4862,7h1k4
4863,much4pp45h24ddh450013
4864,m4947u1144488442
4865,4kh
4866,d384884
4867,445u5
4868,m4n2
4869,ch005n184883
4870,k4ch3
4871,ch47418481y447h83
4872,14kh4y
4873,83n183n1
4874,900ud83n1
4875,14kh4183y4n1
4876,9000d8h
4877,14kh41
4878,ch3824hm4n
4879,ch43nkch444nch4k1jch4kj3h
4880,90udch4p1nch3
4881,chu1
4882,m4223
4883,14khn45ch071
4884,724v1
4885,m42ch3v4n94nch07u1chw47hd494dd4111
4886,m44.115
4887,d3.6
4888,84ch310d4w4
4889,w041d1y4n4w44ndun1y4h
4890,ch3
4891,kh4pfh4144nf15944n944n1
4892,84ch93359h41n9001d
4893,p24h90ud1
4894,54w4329uud3h4
4895,k013
4896,m4d42ch0d4h4h24h424mukh45n4h45p47441h0un
4897,90ud1ukk4n1
4898,jun9kh4d3
4899,d432kh4p3
4900,ch2437h3kh4pkh4pkuch321417h14n94n
4901,d1m4y
4902,d4217h142m41
4903,83n3142m41
4904,90ud15142m41y3
4905,m431
4906,51n23
4907,k021142m4y1
4908,8488un142m13
4909,1y47h13chm4y44
4910,83n21132m4y3
4911,1y447h11y47h
4912,ch4n1
4913,900d151y447h1y47h
4914,k411y47h33
4915,k4131y47hhm4
4916,14kh
4917,90ud15m44j1
4918,900udm44j1
4919,14kh41m43j1
4920,9uudhm43j1
4921,1y447hm43115
4922,14kh41m4m823
4923,k4113m337h12m0m21
4924,k4113mu4mdmum32my3
4925,ky4.2
4926,20k
4927,k4dkh3n432p431phu7y44
4928,p00np0n45
4929,14kh41p0n45
4930,m4n2.1
4931,chu
4932,ch0u7
4933,k130mp0nn3
4934,73cc2hp00np00nu5
4935,14kh41247h
4936,m31n.73
4937,1y47h54
4938,h323
4939,70k
4940,m1.6
4941,h41j1454821
4942,w0415331
4943,7u1u41530u5
4944,900d5113ch50u5743ch7ch3
4945,ch3.1
4946,84j1
4947,8487h4p1
4948,k424n1w47u124k41
4949,p0n224n921nh00k204k3
4950,900dh20k20kk3
4951,p04n20kkk94nd4h
4952,ku114h
4953,pudh494ndhu94ndhu
4954,845742h4n2332
4955,d4
4956,pu7h42j4nn4y
4957,n4.15
4958,pu7h42k414y4hkh074hkh074y
4959,d4.1
4960,pu7h42ku774hku774y
4961,n4.16
4962,pu7h42ku77h114n
4963,ch00p10f42m4mm4ym4y
4964,7h424
4965,pudh4
4966,m4254hn1kk1
4967,14np4h421
4968,k1.216
4969,4u14dpudhu
4970,9024y24nd1
4971,n4.17
4972,pu7h42y4d33n4h44v01
4973,20vn04v01ch1/m41ch1
4974,fudh844k218484k
4975,20vny48484y
4976,44nd841n1k
4977,20vny483w425h18h1k42ch078h0k4n
4978,80780k4n
4979,807ch3d1ch3dy3
4980,k4574chy4ch3dy3ch0ch0n7ch0n711c01w0n7d484
4981,d484f0d0f0d21fudd21fud3944nd94d17h94nd1
4982,807
4983,9441194nd1
4984,k3.300
4985,807.1
4986,d4v42194nd1
4987,v07709u2uk1ck
4988,y0u2.1
4989,455m4421m41ch1
4990,fudm4571
4991,p1550m1nn1m0mm3m0m0m05hy3
4992,fuddmuj3
4993,80nk
4994,13wp44dup0p007p074ch34p07n3chy424nd3
4995,pu7h24nd3ch05h3n75h37
4996,m442.6
4997,p111uk5unn4
4998,m4nn905unn3
4999,j471
5000,ch37u
5001,20v10
5002,khu8y4k42n1ch4
5003,ch3dv4k7u
5004,20v10.1
5005,khu8y4k42n1k7u9113
5006,944nd17ujy4
5007,84y3
5008,f0d0u8y4n1
5009,2h0v742h3n9320ny4ch3420v
5010,8484k20v
5011,84120v
5012,24n9y4k4m44
5013,fu14m44
5014,fu14m44.1
5015,h4ndh44n
5016,ku23y4m44
5017,7h41h4484d18u21
5018,104
5019,v41huf4d4
5020,803f4d4
5021,803yf4d4
5022,7h1k1f47h4
5023,f01h1m493y
5024,f04h
5025,803m4n1
5026,803n4900
5027,"841hun4900841hu""""""n1nd3"
5028,"4m4,"
5029,"p471!""""""444n4"
5030,kunn444n-v3d14ch4n73
5031,4nd14ch1n94
5032,kunn4n4d1chu
5033,p0114j011
5034,k4.231
5035,7h4j0114mm4ud1
5036,p00711
5037,p00ch44mm1nhnh44nd1
5038,p1d1y4n4nn4
5039,kunn44pp1kunn44224ykku
5040,chu77um
5041,p0022uu
5042,u114v414v42447h14v4247h1
5043,m0n3ch414m
5044,n4kk1ch4nd1ch0kk4
5045,11n94mc00nd1d4
5046,p4771311
5047,kunn4377uk411
5048,p4771
5049,p0024n1nch1
5050,m014j0hn1n73
5051,4nd1k447u
5052,p0021k41131
5053,00uuk1k4nd424
5054,011k4nd1k4nd1
5055,7h33n1k4nduk4nn1k4nn1
5056,m014k424
5057,v3d1k421m
5058,kunn4k421m
5059,p0024nk4774
5060,7h4y011k42h4ppu
5061,p32u7h4
5062,m4124nk33puk37741k0d4m
5063,n4k111k013kk321k007h424k007h1k007h1ch1k07h4mk07h4m
5064,k414kk1k07h4m
5065,n4kkuk0y1m4n1kuchku14m4vuk4kund4nkund42011
5066,p0021
5067,m0n3kund1kund1
5068,m0nkund1
5069,0074kund1m01kunj1
5070,kunn4nkunn4kunn4kunn4
5071,ch4ppukunn4
5072,011kunn4
5073,p441kunn4
5074,7h4y011kunn4
5075,u2unj1kunn4pp41ku5hukk11ck
5076,m3m414y414mm424731
5077,00k1m454m4774n94
5078,p0023m4y124d1
5079,m0nm13ch4nm014m00nch1kk0mu14
5080,4d1mu14
5081,ch4ppumu14
5082,k45h4kkumu14
5083,m01my12my23my22un44y1
5084,m33d4nn4y1n73
5085,m0n3n4y1n73
5086,m0n3n4y1n73.1
5087,m0nn3n1nd3
5088,4nd1
5089,m4123n1n73
5090,4m4
5091,k00nd1
5092,15h71m4n1n73
5093,4mm4kku
5094,v377u
5095,n4y1n73
5096,m0n3n1n73
5097,4mm4ku
5098,v37un1n73
5099,4mm3d4
5100,742n1n73
5101,4mm3d3
5102,k07h11.n1n73
5103,4mm3d3.1
5104,p002un1n73
5105,4mm3d3.2
5106,7h3n94
5107,m412un1n73
5108,4pp4n73
5109,4nd10du
5110,my2300kk100m84n00m81
5111,m0n0000m80074np4424
5112,p002up442331
5113,00kk1p4ch4
5114,74y0111p4ch114
5115,p0024np41k
5116,k321k0
5117,my24p41ku
5118,v3771p414
5119,7h4n7h4kkund4y4
5120,7h4011p4111n3d4y11
5121,k4n7hup4m8424
5122,ku71ch1p4mp424
5123,7h4y011p4nch4v42n4
5124,kunn4p4nd1
5125,k4114np4nn1y011p424
5126,4nd1.1
5127,00m84p424
5128,ku71ch1p424
5129,7h4y011
5130,pund4
5131,m0np4211p47h414
5132,p002p4771
5133,p0021.1
5134,m0np477y
5135,7h33774mp314
5136,m011ch1p314
5137,v3d1p314
5138,v3d1
5139,k4nd42011p377yp32h4chu
5140,p3774v4np0d4
5141,7h4y011p0dd4
5142,p4771p014
5143,v377up00ch1p0024ndd1p0023
5144,3nn4y11
5145,73nn1
5146,v33711
5147,p0d4p0021
5148,m0n3p00221p002up002up002u
5149,m0n7h4p007744v1p0077113
5150,m47hycu22yp0y1
5151,n1n73
5152,kunn4
5153,00m84d44p0y1
5154,00m84d4p244
5155,7h4y0111puch1pud71
5156,pu11y4d1pu14y4d1
5157,m0n43pund4ch1
5158,m0n3pu2u5h4
5159,v3d1241n4yud3
5160,p002354n7h05h
5161,p4nd175huk14
5162,mu9h4n5huk14m
5163,dh33n15huk14m
5164,n4kk174kk411
5165,p002u7h44y0117h48414
5166,p0024n7h4k424
5167,7h4y0117h4114y0117h4113y0117h4y01337h4y0117h4y0117h4y011
5168,1d117h4y011
5169,1d117h3374m7h33774
5170,m024n7h33774m7h337747h31
5171,00kk17h3n94
5172,my237h3n94
5173,p002u7h3v4d1ch17h0k0111
5174,k4114
5175,54m17huk41
5176,kunn4umm4nv4d4v4d4m
5177,v411v411v4y111770v3d1v3d1
5178,pu24v3d1
5179,v3kkuk4v3pp4771v35hy4
5180,/
5181,v35h1v377uk111v1241
5182,1duk4v0uv411nu
5183,und4y4
5184,7h4y011441
5185,ch1
5186,94nd441
5187,9h41y4441
5188,j4v4d4441chy4
5189,94v47
5190,p4y44ndy441
5191,24w1334kk42
5192,m45h14y3
5193,jh447u4y1c4
5194,d4n484d4k
5195,24w42y48h4d4vy48h1k442
5196,ch078h054d481n
5197,907y44chy48u111
5198,ch0ky4chh41y14chh1n41ch1n441
5199,m41chy4ch1n41chu7
5200,m421chy4chu7
5201,m421chy4f0d21
5202,p15447f0d21cchy4f0k4nch1dyf0kn1ch494nd
5203,kh4y494nd
5204,ph4711
5205,8h3nch0d94nd17
5206,9hu51094nd0094v
5207,24w4d1h3p421jh4v4dy4k4n4d41kh42947y4
5208,94nd1ch4khu11y4
5209,14vdy4cchy4141
5210,94ndy414udu14v4dy411n94p1547m4d42ch0dm4d42ch07hm4247h1mu77h4p44d42
5211,94nd1chy4p4ch1
5212,8074
5213,8hundy47ph0d42ph47y4ph0d233
5214,p1547pucch1
5215,kh4jvy4puch1244nd1chy424nd3chy45h4ny4
5216,14vdy4cchy45h474
5217,k1.217
5218,chu7n3y5h477y45h38ny4731k47
5219,24nd170nd447
5220,94y7ujh4
5221,4114
5222,ku72y4w4n1
5223,24w1n7uj1
5224,41
5225,mu711
5226,m4dky47
5227,ph414-ph4147uj1
5228,4133
5229,ch1.1
5230,944nd7ujy4
5231,441ch4
5232,puchh47u24
5233,844p.20
5234,dh4nd3w4147u21
5235,441
5236,p4d11
5237,m4dky477u21
5238,441.1
5239,p4d11.1
5240,7u2y4
5241,70nd477u2u4
5242,441ch1
5243,pucch1
5244,v15k4711
5245,40
5246,3k2477u2y4
5247,441.2
5248,ch1.2
5249,ph0d2337u2y4
5250,441ch4.1
5251,f0d47u2y4
5252,441ch4.2
5253,14vd47u2y4
5254,441ch1.1
5255,94nd7u2y4
5256,441ch1.2
5257,pucch17u2y4
5258,441chy4
5259,94nd17
5260,mun9y47u2y4
5261,441chy4.1
5262,pucch114
5263,ch4v14
5264,ku7247u2y4
5265,441chy4.2
5266,pucch114.1
5267,ch4v14.1
5268,54p7u2y4
5269,44114
5270,24v14
5271,k414
5272,ku7247u2y4.1
5273,411
5274,24vn3y4
5275,7u2y4.1
5276,844p147u2y4
5277,84p4ch4
5278,p4y
5279,4d4k14
5280,54nd4547.7u2y4
5281,944nd17
5282,p44yy4d24v4y4d24vy4y3d4
5283,14vdy424v4dy424vkh0224vny44d425h484nd42
5284,k0.70
5285,ch44k835hy48h41u8h41u
5286,k0.71
5287,p018h41u
5288,141.1
5289,ch1k
5290,muj1ch44k
5291,k0.72
5292,pw41ch4hkch4hk
5293,k0.73
5294,du1k4ch4k
5295,ch4ch4m4nch1ck-d4ych1ckn3c0nd0c0nd0
5296,h4nn4ydh071dudhfu5h1
5297,kh494dh494nd
5298,f447
5299,ch493d491d1
5300,h4p5900
5301,kh4900
5302,kh4900.1
5303,kh41-24
5304,m0229u14
5305,chu5.1
5306,24nd19u14
5307,kh4j4n7h4k4nd0k4n9235kukku2kuku2
5308,ch1kn1144nd0
5309,kh414d014d014d0
5310,chu514d0
5311,c0ch414d0
5312,kh414d0
5313,k0.74
5314,7upp014m7014n9
5315,14n9m4
5316,5h4414m44
5317,ch1kn3y!m44
5318,ch1kn1m44
5319,20nd1!m4ch1kn3m4dh351m4nd413m4084d1m320
5320,fu5h1
5321,kh4m007m007d4ym023k0m023k0
5322,m4nch1m022
5323,5411.2
5324,m022!m022y0mu91muj1mu2d4mu2yp4h4d1p1nk0p24ch4nd4pu71
5325,ch47.1
5326,chupu71
5327,kh4pu71
5328,k0.75
5329,jh01pu71n
5330,ch44724d1
5331,k0.76
5332,pu7124nd1
5333,k0.77
5334,844n24nd1
5335,k0.78
5336,84n24nd1
5337,k0.79
5338,ch02024nd1k0
5339,ch0205un99hu27u21
5340,74uk37u77u24y48h4d24844nd484d4
5341,80u
5342,9h1484nd484nd484nd4
5343,chh0d84nd4
5344,mund184284248474k424
5345,(p314)83dh4
5346,81483dh4
5347,70k483dh4
5348,70k383dh3183dh31
5349,pu48h4un1
5350,91h4814
5351,f474
5352,m4d4814
5353,ku
5354,d42k42
5355,j49h4ny4
5356,91h4n814481j481y4
5357,chud18uju14ch0d1pu4chuk184d4n4f4124nfu54
5358,ch474fu54
5359,ku24944nd14494nd194nd1
5360,91494nd1
5361,m424.1
5362,54nk42494nd123
5363,84nd494y33
5364,d393h1849h0d4
5365,93h1n
5366,pu49h0d4
5367,9h31n
5368,83dh4
5369,70k39hu5u21
5370,9h14490014
5371,94ndh490571
5372,914n9u014h49u24
5373,m4914h4n
5374,74
5375,n41123
5376,9017h3h1nj4d4h1nj1d41447h1
5377,81y4
5378,23
5379,k447h1m44
5380,814
5381,24
5382,pu4m44
5383,9h14m44
5384,914m449y4m4d42ch4u7m4nk4d4
5385,9h1y4m4nk4d4
5386,91h4m0
5387,p21y4
5388,24.1
5389,814.1
5390,23.1
5391,1491ch1
5392,n14!!!!!m0
5393,p21y4.1
5394,24.2
5395,94nd1.8
5396,23.2
5397,n1y4m020
5398,84nd4
5399,ch44p3mu
5400,70m0
5401,8h4110
5402,p4uchumuu7h1
5403,m424.2
5404,m4914n44n1
5405,814.2
5406,23.3
5407,9h14nn4nn4
5408,914p454nd4p314p314
5409,ph474
5410,m44d4p3131
5411,pu4p3131
5412,pu4p3131.1
5413,pu0pud124nd4
5414,(p20n0unc3
5415,24.3
5416,45
5417,208832y
5418,n07
5419,45.1
5420,24881724nd4
5421,ku.1
5422,84nd4.1
5423,dh4m4k4n124nd1
5424,pu053n7153n717473
5425,93h1817h0014
5426,ph474.1
5427,m44d470
5428,8h4un1
5429,814.3
5430,23.4
5431,9h1470
5432,80u.1
5433,81470
5434,94nd123
5435,9h13n70
5436,94nd123.1
5437,m0
5438,84nd470
5439,m44.116
5440,814.4
5441,23.5
5442,9h31n70
5443,m44.117
5444,81y4.1
5445,23.6
5446,9h3n70
5447,m44.118
5448,ku.2
5449,91h370
5450,m44.119
5451,ku.3
5452,kuku2
5453,94h3un70
5454,m41p4
5455,814423
5456,91h3n70
5457,m41p4.1
5458,814423.1
5459,91h3n70.1
5460,m41p4.2
5461,94nd1.9
5462,m4218170
5463,m41p4.3
5464,94nd123.2
5465,91h3n84kv458h3n
5466,ch0dch00h1fuduh424m
5467,j44d4k414nkud1
5468,ch0dku21
5469,y4n1ku21
5470,y4w4ku7h3
5471,d1.16
5472,p005hku7h3
5473,k4m84kh73144444uv2314n
5474,d1.17
5475,jh00n1un
5476,74y
5477,ch42j41un
5478,73
5479,w4jm0m4yp4n
5480,ch0dp3yu
5481,d1.18
5482,94nd.16
5483,v1ch
5484,un941phuddy5002
5485,d4.2
5486,10247321
5487,m44.120
5488,d1.19
5489,fud17321
5490,p44n
5491,d1.20
5492,ch17327321
5493,p4n.3
5494,d1.21
5495,1un7u7007u771849u1
5496,8u7ch483w4k00f8h3n
5497,d4.3
5498,5h0148h3n
5499,d4.4
5500,y4428h3nch0d8h3nch0d38h0n5du8181
5501,d1.22
5502,fud180kk180ndu80ndu8und8und8und
5503,d38und
5504,m4248und
5505,m422ch4v41ch1774
5506,84nd32
5507,/.1
5508,k4114.1
5509,84nd32ch17732ch027ch005
5510,m324.17
5511,84d44mchu7h4chu71y44chu771y4d4114hdh114
5512,14n
5513,d3.7
5514,p4d145hf00duufudd1
5515,h4y0n
5516,d4fud1fud1
5517,chu7fud1
5518,d4.5
5519,74744fud1
5520,f2y
5521,k42n4fud1
5522,hy0und494nd94ndu94ndu94nndu945h719h45h71h424m
5523,d4h424m1
5524,54413h424mj4d4j44
5525,4pn3
5526,8244h
5527,nu.2
5528,ch0d.30
5529,144k414
5530,1u114
5531,p1k4nj42k4nj42k4nj421k3nj32kh074k1553y
5532,ku71
5533,m4.55
5534,d4.6
5535,pu7742k147chku74ku74ku7h4ku7h4y
5536,d4.7
5537,pu7h42ku7h1ku71144n
5538,7423
5539,m0w
5540,n3314n
5541,ch4714n
5542,ch00514ud41u11u14
5543,84h0nd32
5544,7up1u14
5545,ch005h31un1un
5546,ch0051un
5547,chun91un
5548,ku224
5549,h0w
5550,94y41un
5551,73.1
5552,ch422h1und1und
5553,chu551unn1m4
5554,ch0dm4
5555,d1.23
5556,p0d1m44-jh0ud4m44n
5557,d4.8
5558,y442m44nch0dm4m41m4m41
5559,chu55m4m41
5560,p4774m4n90m40
5561,n1.6
5562,pudd1m4742ch0dm4u
5563,n1.7
5564,y4kkm3h
5565,7324.27
5566,7u3h
5567,v1ch.1
5568,44n911y4n
5569,d3v4nm3nu
5570,202
5571,n41.1
5572,14n.1
5573,m42m324
5574,14n.2
5575,54kh7
5576,4hm324
5577,14n.3
5578,7324.28
5579,7u3h.1
5580,k1.218
5581,p44251m324
5582,1un
5583,ch005.12
5584,74.1
5585,44n91y
5586,m42m324.1
5587,1und.74
5588,7321.88
5589,8und.5
5590,d3.8
5591,837chm323
5592,1und.75
5593,73y
5594,ch422
5595,k3.301
5596,n4ch!m321
5597,7u771
5598,kh4mum3mu7h
5599,m442nu75
5600,k0.80
5601,5uck
5602,ku220wp4d
5603,m42p4n
5604,d4.9
5605,y442p4nch0d
5606,54144p35h448ph3n
5607,ch0d7h4p00pudpuddupudh1
5608,4v4nd3y4pud124nd150027477374773
5609,ch4ud374773
5610,f4d
5611,1074773
5612,h4y0n.1
5613,d474x17321
5614,8h3n.14
5615,d33
5616,fudd1.3
5617,m4217321
5618,8h3n.15
5619,d1.24
5620,9hu517321
5621,8und.6
5622,ch
5623,14k4d7321
5624,8und.7
5625,m42n1.2
5626,447321
5627,fud1.2
5628,w1ch.6
5629,1u1
5630,m42y47321
5631,m4.56
5632,d4.10
5633,9hu547321
5634,m4.57
5635,d1.25
5636,kh411
5637,phud17321
5638,m4.58
5639,7h3.1
5640,fud17321.1
5641,m44.121
5642,d4.11
5643,fudd47321
5644,m44.122
5645,d4.12
5646,p052h47321
5647,m44.123
5648,d41
5649,cch014y7321
5650,m44.124
5651,d33.1
5652,7u733
5653,5w44d
5654,y47321
5655,m44.125
5656,d1.26
5657,94nd1.10
5658,phudd17321
5659,m44.126
5660,d1.27
5661,k00511
5662,k4y.5
5663,upp42
5664,!7321
5665,m44.127
5666,d1.28
5667,pud1
5668,v1ch.2
5669,147h7321
5670,m44.128
5671,nu.3
5672,1und7321.10
5673,m44n
5674,d33.2
5675,fudd1.4
5676,m4217321.1
5677,p44n.1
5678,d33.3
5679,1und7321.11
5680,p44n.2
5681,d1.29
5682,fud1.3
5683,p422n37321
5684,p43n
5685,nu.4
5686,14n7321
5687,p41n
5688,dh4
5689,p4h24y4
5690,h0y4
5691,phudd47321
5692,p3n
5693,d4.13
5694,pudd473221
5695,m4.59
5696,d1.30
5697,fu1d
5698,p42n370p470p470p4
5699,73.2
5700,83j47u
5701,8h3n.16
5702,d4.14
5703,y4427u
5704,m44n.1
5705,d4.15
5706,y4427u.1
5707,v1ch.3
5708,13n1
5709,d44.7u7747u774y9uddh4
5710,n4ku9uddh4
5711,p49414
5712,d3n9u7h4447hu1u447hu1u
5713,p33ku447hu1u
5714,p33ku7h44471
5715,m0kk44kk4
5716,80kk4
5717,10.2
5718,n44
5719,5u1144kk4
5720,n33
5721,p00ku
5722,d3n9u7h44mm4
5723,p00ku.1
5724,k1.219
5725,844n1544mm4
5726,p00ku.2
5727,10.3
5728,42471
5729,p4ndu477h4
5730,p00ku.3
5731,d3n91n4
5732,411du80chu805ud1ch111p194
5733,7h177474mch177hu
5734,p00k4d3n917h3
5735,d4yy41u
5736,pud4741d3n9ud0014
5737,14nj4944d1d4
5738,p1ch410d494j4
5739,m4dd490111
5740,ch33ku
5741,24.4
5742,k0d4k490111
5743,ch3ku7h4
5744,14nj49udd49udd49udd4
5745,n44kuh4574
5746,p24y094m
5747,ch41j1nn14pp4k4mm4n1
5748,p00kuk0jj4k0n4m0dd4kukk4
5749,-p00k4kukk4
5750,5u111ku7hu2u
5751,v0n9udu..411udu
5752,dh3n9udu14n94
5753,v1pp4v43
5754,14nj4414nj414nj4
5755,-.2
5756,k0dk414nj4
5757,mund414nj4
5758,p00k414nj4k0dk4m42m4n94mm0dd4m0dd4
5759,ch33ku.1
5760,14nj4m0dd4
5761,kuduvum0dd4
5762,n44kum0dd4
5763,n0710
5764,p3771
5765,"d3n9u7h4""m0dd4,"
5766,"14v4d4,"
5767,"d4ddu,"
5768,"m49474n4m""""muchch1k4,"
5769,ch4nu
5770,"m0n4""muddy"
5771,10.4
5772,v31u
5773,p37uk0n44
5774,m0dd4
5775,9udun3
5776,4kk4
5777,nu.5
5778,d3n94n3
5779,4kk4n
5780,m4.60
5781,kukk4
5782,d3n9h4n3
5783,4mm4.1
5784,pukku10
5785,n44.1
5786,m0dd4n3
5787,j47h1n1
5788,kukk4.1
5789,d3n94n3.1
5790,n0710.1
5791,n44.2
5792,5u11n3
5793,p00ku14
5794,n4.18
5795,5u111n33
5796,4411
5797,p00ku10
5798,24mp4mn33
5799,4kk44n1
5800,d3n944n33
5801,4kk4nu
5802,d3n94n33
5803,411n1
5804,d3n944n33.1
5805,4mm4.2
5806,9udd4n1
5807,d3n94n33.1
5808,4mm4.3
5809,ku774n1
5810,d3n94n33.2
5811,4mm4.4
5812,20ju
5813,n4.19
5814,m0dd4.1
5815,ch33ku7hund1n33
5816,4mm4n1
5817,d3n944n33.2
5818,4mm4nu
5819,d3n94n33.3
5820,4mm4nu.1
5821,dn39un33
5822,k007u2u
5823,n1.8
5824,d3n94n33.4
5825,n0710.2
5826,n44.3
5827,5u111n33.1
5828,p411u
5829,5up32n33
5830,p31144nn1
5831,d3n94n33.5
5832,p00ku.4
5833,ch3ku7h4n33
5834,puku10
5835,n44.4
5836,5u111n1
5837,4kk4n1
5838,p4ndu1u
5839,d3n94n1
5840,puk14
5841,n4.20
5842,m4dd4n1h42n1h42
5843,(02)
5844,84nd4.2
5845,p00kun1nnu
5846,d3n9u7h4nuvvu
5847,n33.1
5848,y3nd1p0y1n4
5849,5u111p3dd4
5850,54114dh1p1ch1
5851,puk0d4p1ch1
5852,pukud44n4p01
5853,v0un9u
5854,"24p00kup00ku""p00ku,"
5855,"d1mm4,"
5856,"p4pp4,"
5857,"80kk4""p000ku"
5858,ch1nchupukku
5859,n44kupuku
5860,p3k4
5861,4d157h4pu7hh154ch1n0d45411u
5862,d3n9u7h454n410
5863,80chh05h4474524v4n
5864,(02).1
5865,k0nd4
5866,v3221
5867,p00ku5u1115u111
5868,p477u73j4
5869,(02).2
5870,4d1v1
5871,p00ku73j4
5872,721v1k24m
5873,(02).3
5874,4d1v1.1
5875,p00ku7hu2ku
5876,v41490d7h4v4774k41v47741uv3dh4v4v3221
5877,puk4v0n90
5878,p3771.1
5879,d3n9u7h4
5880,14nj444j4
5881,ch005.13
5882,m324.18
5883,1u2544p
5884,k4.232
5885,44n44pn4
5886,1un.1
5887,cu71
5888,"5hu2""84141,"
5889,m324.19
5890,n00n00
5891,n4.21
5892,ch00p
5893,"53""83hn"
5894,k1.220
5895,chu7428h4dw3
5896,k1.221
5897,n45418h41
5898,ch0d38h3n
5899,ch078h3n
5900,k3.302
5901,10224y80542d
5902,ch0d1
5903,k4y8und
5904,k3.303
5905,812y4n1ch477
5906,m3241
5907,747741ch00m
5908,m321.5
5909,944ndch005
5910,m324.20
5911,1024ch007h
5912,k4y.6
5913,p4k024ych071
5914,53.16
5915,1u11chup4
5916,14
5917,14ychu7
5918,k3.304
5919,ch47n3yd4114d421
5920,m0n1
5921,pud1.1
5922,m421d311
5923,m411
5924,9u71d03
5925,d0114
5926,244nd33duff4h
5927,0j431k
5928,d0114.1
5929,244nd3944nd
5930,ch4mch1944nd
5931,k4.233
5932,8ukh44294ddh49h4nd009h4571
5933,k4y.7
5934,84ch4yh4244m
5935,54113h4244m24d4h4244m24d1h424m
5936,54114jh44n7
5937,k4y.8
5938,8441k4414
5939,84nd42k4m1n4k4nj321
5940,k4y.9
5941,84ch4ykhu55
5942,m4d21
5943,k4yku73
5944,11ch3
5945,h0.4
5946,chu810ku733
5947,ch0d3ku774ku774y
5948,k4.234
5949,84ch4ku773
5950,k4.235
5951,9h4n74ku771ku771
5952,k4.236
5953,84ch4141ch1
5954,ku773.23
5955,k44
5956,84ch41014/1u141001y1024
5957,13.5
5958,k4y.10
5959,n4ch
5960,m3241u14
5961,mu.1
5962,k1.222
5963,14n1u1mu4h1un
5964,chu531und.1
5965,p3.24
5966,ch42hm44n
5967,ch0dm44n
5968,k4y.11
5969,14u2d4ym4d42u91ym47h32
5970,ch07m4yy44d4m3324
5971,10024
5972,ch00
5973,50m311
5974,m411.1
5975,9u74m324
5976,144n
5977,ch00pm0nn3y
5978,p0d3ym00m3hmu7h
5979,k1.223
5980,m4141myy44d4p4nch0p3454h
5981,n4h
5982,m4h2phud1p00dy24nd33
5983,k4.237
5984,84ch424nd1
5985,k1.224
5986,n45412und1
5987,k4.238
5988,84ch45hud24
5989,1und74m11
5990,1und7421
5991,83h
5992,n4.22
5993,pud4
5994,p44254n74774y
5995,ch0050747733
5996,ch04d7323
5997,8h3n.17
5998,m321.6
5999,ch0d.31
6000,h41n7323
6001,94nd.17
6002,m42007321
6003,944nd.67
6004,m41n.20
6005,ku774.5
6006,mu7237321
6007,94nd.18
6008,m4.61
6009,k3324.1
6010,h417321.3
6011,94nd.19
6012,m324.21
6013,1un.2
6014,h417321.4
6015,m4.62
6016,khu717321
6017,m4.63
6018,k1.225
6019,ch0077321.5
6020,m4.64
6021,k0.81
6022,ku773y
6023,ch0d31n7321
6024,m44.129
6025,k1.226
6026,phud1700m424y
6027,74774y
6028,84244y
6029,p4h244y
6030,h3h7u
6031,7h0.2
6032,m321.7
6033,ch0d.32
6034,k1.227
6035,7424
6036,:pu100
6037,k1.228
6038,p474u100
6039,k1.229
6040,p471u1u
6041,ch0d48u
6042,91d1284242181m4
6043,kh0192481m4
6044,kh0y92481m4n1
6045,f15h418w17411cf4
6046,5w14n924h1nj40
6047,m40924
6048,(kh01924)kh114m4kh0yn411wdw1nwm4
6049,5h1f4nwm4n1
6050,48u51f4
6051,9udun951f4
6052,j492451f4
6053,j492451f4.1
6054,5w1492451kwmwnm4421
6055,7470021.2
6056,n3.5
6057,ch414y4k842udd1n.1
6058,0w415141100.1
6059,8h0521.4
6060,ch4474nuj848huch4k841.1
6061,n0.5
6062,8h05d0831n.1
6063,ch0d83nch0d8h4dv08h3nch0d8h0078h0p48h05.1
6064,m421n48h054d.1
6065,p4ppu8h05d08h0521n18081480814.1
6066,v4942n1.1
6067,84yd180521ch02d80521n48uckw4558udh4141ch4fu.1
6068,944nch1ch1ch0dch0d.1
6069,4m1ch0dh2uch0dk4ny4ch0duchup21.1
6070,14u21chu71y4d425h11dh3314.1
6071,1und.76
6072,n1.9
6073,0144d34p3nf477u944n.1
6074,7421944nd.1
6075,9h4p11944nd.1
6076,m4.65
6077,"9h41""944nd1n4,.1"
6078,"94nd1n4""94nd.1"
6079,nu.6
6080,k44nu94nd1.1
6081,ch0d1n494nd094nd0.1
6082,5410931.1
6083,9h49h421n49h31.1
6084,ch0dy09h31ch0yd1h41k1.1
6085,244nd.7
6086,n4h425h.1
6087,d4141h425h17h0p4hu23f4j4420jh4dh1n0!j19n35h.1
6088,m3v4n1k420.1
6089,1020k3m.1
6090,chh0ku742114kh07414nd10d410dd3.1
6091,m42110w20h1u111und.1
6092,8h4947m44.1
6093,n3.6
6094,9h47.1
6095,8h05d1n4m44j4ddh4m4421.1
6096,7470021.3
6097,00p32.1
6098,8355m4451.1
6099,ch0d4mn0m4d4ch0dm4d4ch0dm4nd1.1
6100,5u533m4n1km424.1
6101,m4n.1
6102,n0.6
6103,14d0m421.1
6104,8h0521.5
6105,ch447m321.1
6106,944n.1
6107,ch477m0h17m0h7m074.1
6108,j1j4hn490.1
6109,ch01d0n4kh0d1y4n4mun0n423nd32.1
6110,m0d1p1k1n4p1k1n4p1m.1
6111,p1mp00m.1
6112,p00mp21y4n5hupuch1.1
6113,ch0dpu71244nd2um4n45411541u.1
6114,9u7`7154nd455uww42.1
6115,j3wu.1
6116,d4chu74421.1
6117,841.6
6118,n0.7
6119,49h4n074421.1
6120,m4.66
6121,p42453v0.1
6122,7y4-23h.1
6123,3.1
6124,7u71.1
6125,k423h.1
6126,ch3!7424.1
6127,844p.21
6128,n1.10
6129,944n74233.1
6130,9442.2
6131,m4.67
6132,10w20h74233.1
6133,9h442.1
6134,m4.68
6135,d0h.1
6136,14d4h7421.1
6137,80521.1
6138,k44p1.1
6139,k42w47421.1
6140,d49217421.2
6141,944nd.68
6142,m423.2
6143,k42y4.1
6144,ku724.1
6145,8414d47421.1
6146,94nd4y11.1
6147,k421.1
6148,k0y11.1
6149,d49217421.3
6150,m4.69
6151,n4.23
6152,8u814.1
6153,5uk41-9y47421.1
6154,m4.70
6155,n3.7
6156,h4d1.1
6157,k4dh70.1
6158,h47h1.7
6159,ch0d37421.1
6160,m4.71
6161,n1.11
6162,pu7717421.1
6163,m4.72
6164,n0.8
6165,p0p107421.1
6166,m44.130
6167,n4.24
6168,84814.1
6169,chu5u7421.1
6170,m44.131
6171,n4.25
6172,8h05d4.6
6173,m4.73
6174,m420.4
6175,10d07421.2
6176,m44.132
6177,n4.26
6178,m0dh4.1
6179,m4.74
6180,m420.5
6181,10d07421.3
6182,m44.133
6183,n3.8
6184,ch0du7421.1
6185,m44.134
6186,n1.12
6187,747u217421.1
6188,m41.23
6189,n1.13
6190,94nd7421.1
6191,m4n1.1
6192,ch007.41
6193,m4.75
6194,d32k4.1
6195,80137420.1
6196,844p.22
6197,74n3.1
6198,ch4d3ch37323.1
6199,m4.76
6200,nu.7
6201,h1n74.1
6202,k4273233.1
6203,m44h.1
6204,94d3217h421.1
6205,m4.77
6206,n3.9
6207,80220.1
6208,m420.6
6209,1020.1
6210,n4kh1d357h421.1
6211,m4.78
6212,n1.14
6213,9h44n7u5477u73111.1
6214,n120dh.10
6215,n0.9
6216,4u14d4nd0083h3n13n
6217,kh3
6218,y4h4n8h41241n
6219,j0
6220,y4428h4241n
6221,kh38h42v08h4v35h8h3n
6222,j4.8
6223,chud8h3241n
6224,kh38udh1
6225,muh4nd20ch42y0ch024ch024
6226,/.2
6227,ch021chudchud
6228,8udh1
6229,j0chud
6230,muh4nd20chu714chu700nd41109u1
6231,j0.1
6232,7un99u11
6233,/.3
6234,944ndj4d1j4k4ku5ku73y
6235,j4.9
6236,pu774141111un
6237,ch00p1un
6238,kh401un
6239,muh4nd20m44
6240,j4.10
6241,chudm44
6242,j1
6243,73374m4d42
6244,ch07m42h41n
6245,j0.2
6246,y442m42h41n
6247,kh3m42h3n
6248,kh3.1
6249,y4h4nmujhk0
6250,44pk4
6251,8u2.4
6252,ch4h1y3n33chp310
6253,/.4
6254,p314p310224yp12h41n
6255,j1.1
6256,"y442""p12h41n"
6257,j1.2
6258,y442
6259,(4dd1n9
6260,"j0"""""
6261,w111
6262,m4k3
6263,7h3.2
6264,p424m0u2
6265,"m45cu11n3)""p12h41n"
6266,kh324n
6267,y4dh024n4y4dh424nd1
6268,j0.3
6269,pu7254920
6270,mu073374y
6271,m41npund4/pund41p001u0mm4pund47h3vd1y4p41y40kk4/k0kk40mm414
6272,0k4pund415unn1m4y12/m4y12u00m8uk3n4
6273,pund414kku14
6274,7hukk1
6275,k4m1
6276,d1ku7h14n447h41
6277,k41u7h41421vu
6278,k3774
6279,k007h14vu7hu
6280,k4m1844duchunn13nn0d4
6281,p0014
6282,00m8ud4
6283,0kk4
6284,kud1k441k441
6285,4d17h41k414
6286,v121d1k1
6287,4d1k007h1
6288,m4y12ku7h1
6289,k01u7h4
6290,7h3vd14ku7h14
6291,v121k124
6292,7h3vd14m0141kku
6293,n4duvu13
6294,u77u
6295,0kk4m0141kku
6296,n4duvu13.1
6297,u7u
6298,01u
6299,d40kk414
6300,02h10mm414
6301,0k40mm4140nkk4
6302,pund3kkunjup4nn1p4v4d41y47hukk1k4m1d1p1545up001up001u42un7h4pund4m4v4npu1u7h1pu1u7h1
6303,pund4pu1u7h1n4p0014um8ud1pund4m4v413pund4v44y4pund44m4v4n3pund41n4kk1pund41n4kk1pund4y3n4kku5007hu5u7h7hu5unn15unn1y400m8u5u7h447h41y0117h4n947h3vd147h3v1d1y4
6304,pu1147h3v1d1y4
6305,m4v4137h07h4
6306,pund417h3v4d1y4m4v4n7h3vd1y4ku7h17h00m1y4kud1k17h3vd1y4ku7h113u774p001u7h3vd1y4p41y47h020n7huk4m1d17hukk1k4m1un9444y4ku7h1v44114
6307,v44n9uv351v12uchu
6308,k44m1421ppu3du7h4ku7h1m4v4134uvu54421k00d194j4kk01k4141v121d1k4nd4424011k42un9ku7h1m4v413k335h4n4pp4k3n4pund4k00dh1k00dh1p4y413k007h1nuck13kud1y4844dukund1kund1mud1kunj1p4y4143ku5uk00dh1ku7h1mud1y47h4d4v1k4m1d11005uk00dh1m412upudun91m414m477upund4m4y12up00dun9h1m01454pp1m0114m4421m0nn4n44y3m41244nd1mu7744k00dh1n4424k00dh1pudun91n4y335007h113unkunj104kk4u774844du0kk4140110117h383n941101m442101u7h4pund410n94pp4npund4100911100m8u0024
6309,07h4
6310,7h3v1d1y40027h3v1dy40k407h7h4001uku7h1p43pund4k3n4ku7h1p0774
6311,pund4p424pund4m4un3p4dukk4
6312,p077u
6313,0kk4p4247h351
6314,pund4p47ch47h3v1d1y4p0chu
6315,pund41p0chchup001p4yy4p001u7h3vud1y4
6316,4vu54421pu11u54pp1pu1u7h1pund4m4v4n43pu14
6317,ch4ppupu14
6318,um8u07h7h4
6319,pund454kk1114k00dh154pp15314y417hukkud1v44114
6320,v4chu2uv3n5unn1y4
6321,um8upund41y4
6322,m00dum014m01417h3vd1y47h3v1d1y47h3v1d1y4pund41m014y4
6323,4muk4v4n4424
6324,pund40kk414
6325,0kk4v4113v47chuk00mm414
6326,p077u.1
6327,0kk4m0nn4
6328,pund41k41
6329,mu771p424
6330,pund40mm414
6331,0kk4k41
6332,4d1k1mund4
6333,k414pp407h4v44114
6334,v44n9u421vu
6335,k3774.1
6336,mund4m844h
6337,khuw484418441
6338,k3148441
6339,khu2uw4844p3202
6340,k0n17u844p3202
6341,puk02kh0n84184nd02
6342,ch0d842183n93n4
6343,m02481114
6344,5ud481m4kh0
6345,kh01924801n44k
6346,5ud441801n32
6347,1414k8017h4118uch
6348,5313k48u5h8u5h
6349,m4248u5h07
6350,731.1
6351,d1y4ch373kk4
6352,5h3
6353,duuk4f1f4
6354,n1.15
6355,10d01fuck
6356,d4n9
6357,f0!942
6358,m02491d491d4
6359,khu49u9u
6360,khuw49uu
6361,kh49uu
6362,kh4.8
6363,m0kk31j41212
6364,84dch4jh44n7
6365,51n94j0h0n1
6366,ju4j0h024j0n9h01k314k371k071
6367,m424k0717
6368,8421
6369,h0m41
6370,d1mkuku2'02
6371,puw41114u2414u21
6372,k3.305
6373,841107h0u
6374,"9u711ud01""m443202"
6375,"8005,"
6376,"m4k5ud41""m443202"
6377,f0f
6378,kh0nm44k
6379,5ud41m44202
6380,8hum1kh0n
6381,k314m4k4
6382,d1n9d1n9m4k4
6383,11n914n9m4k5441m4n9m424n1m33y423k
6384,k0h41mumun49021
6385,pu73kn411y4p31
6386,5uh4ph3d4
6387,ch313k4p0k0207
6388,k07h41
6389,8h024mpuk02
6390,5313k244nd1124nd12
6391,501123nd1
6392,d4114123nd12
6393,837423ndy
6394,5ud4537
6395,5ud453702
6396,844151ph4
6397,j49245ud45ud15ud1
6398,91d4
6399,f411d1m5udu2
6400,8h415u7
6401,m424n15y3702
6402,m0114732
6403,p1y47um4k
6404,5ud1802
6405,m0n
6406,901537u2
6407,m44k
6408,5udu7u2
6409,m44k.1
6410,5udu7u2.1
6411,m4240k
6412,245747
6413,kuku2.1
6414,1091
6415,5ud4m..
